GEOID_tract,total_comp_cost,nonmotorist_comp_cost,GEOID_county,tract_name,pct_nonmotorist_cost,is_baltimore_city
24021752202,6249828.06,5776729.56,24021,Census Tract 7522.02,92.43021575220743,False
24033800218,32192092.799999997,27863724.419999998,24033,Census Tract 8002.18,86.55456044162497,False
24027605504,16421994.54,14201708.22,24027,Census Tract 6055.04,86.47980113139168,False
24005402409,6847616.16,5862674.16,24005,Census Tract 4024.09,85.61627905265064,False
24033804400,27599157.18,23355978.66,24033,Census Tract 8044,84.62569529813446,False
24510240200,9848113.379999999,8313457.319999999,24510,Census Tract 2402,84.41675069342062,True
24031701223,5673696.84,4735425.239999999,24031,Census Tract 7012.23,83.46278226596259,False
24031705701,12561835.86,10442214.719999999,24031,Census Tract 7057.01,83.12650186148825,False
24031705602,6221460.419999999,5168034.899999999,24031,Census Tract 7056.02,83.0678739574783,False
24021751905,34396417.44,28383475.68,24021,Census Tract 7519.05,82.51869756352161,False
24003730702,6395300.099999999,5168034.899999999,24003,Census Tract 7307.02,80.80988881194176,False
24510100300,15659445.059999999,12326170.5,24510,Census Tract 1003,78.71396753059652,True
24031700606,6799107.419999999,5168034.899999999,24031,Census Tract 7006.06,76.01049050641416,False
24037875905,12219618.6,9106612.2,24037,Census Tract 8759.05,74.52452075713721,False
24043011000,818072.64,608694.66,24043,Census Tract 110,74.40594272899776,False
24003702206,2698959.06,2002168.98,24003,Census Tract 7022.06,74.18300668851198,False
24005490601,16462596.78,12166090.02,24005,Census Tract 4906.01,73.90140317826578,False
24510250204,31807817.999999996,22689941.4,24510,Census Tract 2502.04,71.33447946665189,True
24510230200,30008543.04,21257921.16,24510,Census Tract 2302,70.83956435893664,True
24033802106,24629439.24,17347130.64,24033,Census Tract 8021.06,70.43250344013923,False
24033800606,22121728.02,15425131.68,24033,Census Tract 8006.06,69.72842115251719,False
24031702503,48512323.44,33026965.02,24031,Census Tract 7025.03,68.07953665803643,False
24025301204,29379420.0,19972403.64,24025,Census Tract 3012.04,67.98093236694257,False
24031702501,44630278.559999995,30106282.499999996,24031,Census Tract 7025.01,67.45707952399569,False
24005492500,16388980.020000001,11046713.58,24005,Census Tract 4925,67.40330128244307,False
24031705200,3124250.6399999997,2096245.62,24031,Census Tract 7052,67.09594912653999,False
24005451100,10593766.26,7088195.52,24005,Census Tract 4511,66.9091175511739,False
24047950700,21643817.58,14273746.2,24047,Census Tract 9507,65.94837600733466,False
24003706302,36815850.54,24183240.479999997,24003,Census Tract 7063.02,65.68703459322549,False
24510010500,8998845.66,5874742.4399999995,24510,Census Tract 105,65.28328923467724,True
24031701800,8718670.8,5664307.32,24031,Census Tract 7018,64.96755583431364,False
24025301402,7996001.58,5174069.039999999,24025,Census Tract 3014.02,64.70820432229078,False
24510240400,14446771.920000002,9308672.1,24510,Census Tract 2404,64.43427051764516,True
24510070200,51841560.95999999,33130058.219999995,24510,Census Tract 702,63.90636702772616,True
24031701702,7404213.599999999,4723356.959999999,24031,Census Tract 7017.02,63.79282412922285,False
24003706103,14831074.44,9436770.0,24003,Census Tract 7061.03,63.62836379910989,False
24003731206,7190604.539999999,4565374.38,24003,Census Tract 7312.06,63.49082826907904,False
24005491500,45686089.26,29004238.62,24005,Census Tract 4915,63.48592994015439,False
24021750200,22720720.68,14352476.04,24021,Census Tract 7502,63.16910560250768,False
24025303203,26071141.32,16364858.58,24025,Census Tract 3032.03,62.7700121722174,False
24510010100,21922372.08,13665952.439999998,24510,Census Tract 101,62.33792762083253,True
24031704503,24899607.18,15498070.559999999,24031,Census Tract 7045.03,62.242229156323575,False
24031700824,18711040.319999997,11553459.119999997,24031,Census Tract 7008.24,61.7467490979144,False
24031705400,19555547.759999998,11823620.76,24031,Census Tract 7054,60.46172117042249,False
24033801801,25848465.3,15573143.879999999,24033,Census Tract 8018.01,60.24784720971422,False
24510130804,17548706.7,10497988.62,24510,Census Tract 1308.04,59.82200739613478,True
24031702502,49447610.1,29416776.479999997,24031,Census Tract 7025.02,59.49079524876773,False
24025303803,17684234.819999997,10506120.659999998,24025,Census Tract 3038.03,59.40952926115918,False
24031705502,19856833.919999998,11737416.599999998,24031,Census Tract 7055.02,59.110211866041524,False
24031703601,44726861.339999996,26417797.56,24031,Census Tract 7036.01,59.0647247951962,False
24005420401,19965774.78,11765748.959999999,24005,Census Tract 4204.01,58.929588706900155,False
24031704803,23467250.52,13825530.18,24031,Census Tract 7048.03,58.91414577185841,False
24047950000,155887658.64,90676410.3,24047,Census Tract 9500,58.16779281380065,False
24510270701,37018992.779999994,21508756.919999998,24510,Census Tract 2707.01,58.10195066036587,True
24033800209,18940056.66,10996714.26,24033,Census Tract 8002.09,58.06061965603433,False
24003702602,10101810.6,5858737.92,24003,Census Tract 7026.02,57.99690918774502,False
24031703218,33622777.44,19445717.34,24031,Census Tract 7032.18,57.834952435743816,False
24031700829,67258177.56,38807587.98,24031,Census Tract 7008.29,57.69943431098818,False
24510271102,17131086.0,9825388.02,24510,Census Tract 2711.02,57.35414567412714,True
24003740105,9015320.159999998,5168034.899999999,24003,Census Tract 7401.05,57.32502904256259,False
24510090100,32950092.419999998,18859061.34,24510,Census Tract 901,57.23523048012137,True
24005411406,27037688.580000002,15429067.92,24005,Census Tract 4114.06,57.065040431795666,False
24043000100,35314279.56,19956399.119999997,24043,Census Tract 1,56.51084878028868,False
24047950400,35712069.12,20163555.72,24047,Census Tract 9504,56.46146027620592,False
24031701005,18384750.72,10360206.36,24031,Census Tract 7010.05,56.35217206796047,False
24510200500,46679041.08,26251968.96,24510,Census Tract 2005,56.239306448066394,True
24031701701,4584717.9,2558766.42,24031,Census Tract 7017.01,55.81077125814,False
24510130700,36657348.839999996,20307043.259999998,24510,Census Tract 1307,55.39692286159339,True
24031700902,17472256.2,9678858.839999998,24031,Census Tract 7009.02,55.39558674740586,False
24005451803,8260858.619999999,4559340.239999999,24005,Census Tract 4518.03,55.19208655818879,False
24510270502,42028023.24,23169923.279999997,24510,Census Tract 2705.02,55.1297003613249,True
24031703702,73166195.34,40129024.32,24031,Census Tract 7037.02,54.846400217371205,False
24510150300,35999442.36,19740656.88,24510,Census Tract 1503,54.83600740975478,True
24031703301,26583073.02,14191737.84,24031,Census Tract 7033.01,53.38637045206446,False
24027602304,19576762.38,10406009.88,24027,Census Tract 6023.04,53.15490722118067,False
24033805601,67815014.39999999,35826580.44,24033,Census Tract 8056.01,52.82986482710237,False
24510130100,13447542.780000001,7098165.899999999,24510,Census Tract 1301,52.784110942237135,True
24033802406,11369216.879999999,5972755.319999999,24033,Census Tract 8024.06,52.534447913531224,False
24510250101,12136336.38,6367321.799999999,24510,Census Tract 2501.01,52.464941648230734,True
24005421000,5831056.98,3043473.3000000003,24005,Census Tract 4210,52.19419584543315,False
24031700730,21362245.38,11032806.959999999,24031,Census Tract 7007.30,51.64628887902045,False
24005451500,52555614.3,26974654.56,24005,Census Tract 4515,51.32592382237648,False
24031700314,8928116.82,4565374.38,24031,Census Tract 7003.14,51.13479664348746,False
24031703202,45214047.9,23095787.4,24031,Census Tract 7032.02,51.08099909807014,False
24510080301,33255676.439999998,16823443.14,24510,Census Tract 803.01,50.588185058730986,True
24033802700,43650765.9,21928397.400000002,24033,Census Tract 8027,50.23599689003395,False
24031702101,57189643.559999995,28654538.22,24031,Census Tract 7021.01,50.10441827625198,False
24031700901,79392368.16,39682646.64,24031,Census Tract 7009.01,49.98294868850276,False
24510150100,39349914.66,19640302.919999998,24510,Census Tract 1501,49.91193269337575,True
24027602900,28464021.18,14191737.84,24027,Census Tract 6029,49.85851349060864,False
24510271801,31329562.32,15584015.159999998,24510,Census Tract 2718.01,49.74220514421791,True
24039930600,32225826.779999997,16021758.06,24039,Census Tract 9306,49.71713579104642,False
24510151300,65075584.14,32258433.06,24510,Census Tract 1513,49.570716093152534,True
24510271002,79350489.53999999,39276688.5,24510,Census Tract 2710.02,49.497726766009315,True
24033800210,11697545.16,5784602.039999999,24033,Census Tract 8002.10,49.4514187453669,False
24005400702,30336550.02,14958415.08,24005,Census Tract 4007.02,49.308227435678596,False
24510190200,24852721.32,12236030.1,24510,Census Tract 1902,49.23416611988147,True
24005420200,62958711.06,30992241.419999998,24005,Census Tract 4202,49.226295929826485,False
24033980000,74299228.92,36541315.44,24033,Census Tract 9800,49.1812848816305,False
24510270402,42713202.419999994,20995977.24,24510,Census Tract 2704.02,49.15570842370007,True
24510271802,34045198.74,16735130.999999998,24510,Census Tract 2718.02,49.15562728185148,True
24510250401,125982318.42,61759930.68,24510,Census Tract 2504.01,49.022697355119845,True
24005420402,38748132.36,18977560.56,24005,Census Tract 4204.02,48.97671037066726,False
24005490703,69815944.8,34154828.82,24005,Census Tract 4907.03,48.92124416255125,False
24510130600,21395731.139999997,10428048.54,24510,Census Tract 1306,48.73892119771701,True
24021740200,42432101.46,20641068.0,24021,Census Tract 7402,48.64493458910578,False
24033801809,43086202.739999995,20952271.619999997,24033,Census Tract 8018.09,48.62872633830066,False
24033807410,11035964.52,5350154.039999999,24033,Census Tract 8074.10,48.47926096812061,False
24033802901,45393828.48,21966440.58,24033,Census Tract 8029.01,48.390808432644455,False
24510110200,125114327.1,60479727.839999996,24510,Census Tract 1102,48.339570089091744,True
24510070300,27493929.54,13281001.02,24510,Census Tract 703,48.30521224940915,True
24031704804,27124724.34,13044946.319999998,24031,Census Tract 7048.04,48.09245674347007,False
24005430800,39363632.28,18840958.92,24005,Census Tract 4308,47.86387289155929,False
24033803300,85084677.72,40406121.0,24033,Census Tract 8033,47.4893036945736,False
24510240300,7152111.54,3393545.4000000004,24510,Census Tract 2403,47.44816102238809,True
24001001000,54697713.839999996,25921281.959999997,24001,Census Tract 10,47.39006466673196,False
24510140200,61874106.839999996,29146614.839999996,24510,Census Tract 1402,47.10632012090309,True
24033802001,35117059.32,16534909.439999998,24033,Census Tract 8020.01,47.08511976850799,False
24510271503,35063038.08,16458034.319999998,24510,Census Tract 2715.03,46.93841498403323,True
24041960502,82034632.26,38086714.26,24041,Census Tract 9605.02,46.42760406274295,False
24043000400,63886459.14,29604002.4,24043,Census Tract 4,46.33846169988253,False
24033800518,72917814.06,33567515.1,24033,Census Tract 8005.18,46.034724892300204,False
24510270301,18046409.22,8275414.14,24510,Census Tract 2703.01,45.85629218043411,True
24510151000,121827236.58,55831538.699999996,24510,Census Tract 1510,45.8284536917467,True
24017850711,38041095.96,17417330.28,24017,Census Tract 8507.11,45.78556384998536,False
24005403602,31287417.84,14283716.58,24005,Census Tract 4036.02,45.653229208767456,False
24003740205,86788869.3,39517294.32,24003,Census Tract 7402.05,45.53267560544195,False
24043011502,41206136.58,18739009.8,24043,Census Tract 115.02,45.476259982828026,False
24510120201,26888746.5,12226059.719999999,24510,Census Tract 1202.01,45.4690579198253,True
24033800102,34099545.06,15409127.16,24033,Census Tract 8001.02,45.18865906535352,False
24031700833,55998322.379999995,25212476.52,24031,Census Tract 7008.33,45.023628295344665,False
24510040100,551886381.9,248021044.73999998,24510,Census Tract 401,44.94059880334945,True
24013507702,42228990.72,18939231.36,24013,Census Tract 5077.02,44.848884704768054,False
24027603001,44770279.68,19990506.06,24027,Census Tract 6030.01,44.65128697628006,False
24031703214,40996447.38,18253947.6,24031,Census Tract 7032.14,44.52568153235916,False
24031701211,97287353.10000001,43238501.46,24031,Census Tract 7012.11,44.44411332226901,False
24510170100,62967507.12,27929771.099999998,24510,Census Tract 1701,44.355846971634094,True
24025306300,53975301.66,23913078.839999996,24025,Census Tract 3063,44.30374283155048,False
24510020300,80944240.86,35661705.66,24510,Census Tract 203,44.05712535086958,True
24003706402,22294985.58,9803349.36,24003,Census Tract 7064.02,43.971095315684884,False
24510260800,30830161.32,13463389.799999999,24510,Census Tract 2608,43.6695405523749,True
24031702402,13652742.6,5946780.42,24031,Census Tract 7024.02,43.55740523519428,False
24003750204,123216717.96,53627346.36,24003,Census Tract 7502.04,43.52278428436076,False
24031701509,59592061.62,25808859.72,24031,Census Tract 7015.09,43.30922444767065,False
24009860300,75270608.28,32417030.519999996,24009,Census Tract 8603,43.06731573021373,False
24033800213,58481041.5,25076904.299999997,24033,Census Tract 8002.13,42.88039962489381,False
24043000800,15457818.6,6607424.88,24043,Census Tract 8,42.74487268210018,False
24031703800,89916026.76,38329244.1,24031,Census Tract 7038,42.627822292800786,False
24031705501,7558598.88,3219558.3000000003,24031,Census Tract 7055.01,42.5946442073931,False
24031701312,10704671.459999999,4559340.239999999,24031,Census Tract 7013.12,42.592061391485245,False
24013501001,24620349.599999998,10442214.719999999,24013,Census Tract 5010.01,42.41294250346469,False
24005450300,103141912.86,43296373.26,24005,Census Tract 4503,41.97747749624197,False
24021751001,2904754.8600000003,1217389.32,24021,Census Tract 7510.01,41.91022577375083,False
24031704600,6034373.100000001,2526757.38,24031,Census Tract 7046,41.87274035143766,False
24033806602,15791263.74,6607424.88,24033,Census Tract 8066.02,41.842280572283066,False
24019970500,77771092.13999999,32365591.019999996,24019,Census Tract 9705,41.61648001771266,False
24033803525,42944509.44,17846375.4,24033,Census Tract 8035.25,41.55682678116069,False
24005421102,15434965.979999999,6389360.46,24005,Census Tract 4211.02,41.39536470815079,False
24025302902,101113923.96,41826924.72,24025,Census Tract 3029.02,41.36613740412889,False
24033805201,18423360.9,7610686.02,24033,Census Tract 8052.01,41.30997629211075,False
24031701216,76239660.42,31415538.419999998,24031,Census Tract 7012.16,41.206293741254306,False
24005491000,11069474.22,4553306.1,24005,Census Tract 4910,41.13389678231708,False
24005491202,22975294.86,9428897.52,24005,Census Tract 4912.02,41.03928840720001,False
24031702900,53410557.06,21892564.26,24031,Census Tract 7029,40.98920787402849,False
24031700617,14116769.1,5782763.7,24031,Census Tract 7006.17,40.96379036191787,False
24510260203,23401106.82,9572713.92,24510,Census Tract 2602.03,40.90709894037396,True
24033801216,35170456.86,14383827.360000001,24033,Census Tract 8012.16,40.89747090080877,False
24021750100,12646679.219999999,5168034.899999999,24021,Census Tract 7501,40.86475832981553,False
24027601205,25344138.959999997,10336069.799999999,24027,Census Tract 6012.05,40.78288008250409,False
24001000700,31836887.46,12928831.020000001,24001,Census Tract 7,40.60959488029048,False
24510030200,116603126.64,46982776.68,24510,Census Tract 302,40.29289611165782,True
24005420701,42268926.42,16964520.3,24005,Census Tract 4207.01,40.134731910231466,False
24033806601,74597594.39999999,29939526.54,24033,Census Tract 8066.01,40.134707802320236,False
24033800517,35475254.64,14197771.98,24033,Census Tract 8005.17,40.02162105410613,False
24510260202,49348843.739999995,19703810.7,24510,Census Tract 2602.02,39.92760358036304,True
24025301602,36809953.74,14694945.299999999,24025,Census Tract 3016.02,39.921118629474265,False
24003740400,1530407.34,608694.66,24003,Census Tract 7404,39.77337562952357,False
24005400100,55875454.739999995,22144623.479999997,24005,Census Tract 4001,39.63211321150493,False
24033800401,13036312.799999999,5162000.759999999,24033,Census Tract 8004.01,39.597091901630336,False
24510140300,109410300.72,43198732.08,24510,Census Tract 1403,39.48324042226433,True
24033803900,26498605.139999997,10444053.059999999,24033,Census Tract 8039,39.41359556407202,False
24015030907,73677378.6,28992170.34,24015,Census Tract 309.07,39.35016539798554,False
24039930101,78728389.74,30947338.799999997,24039,Census Tract 9301.01,39.30899501717663,False
24005492700,78728378.39999999,30933172.619999997,24005,Census Tract 4927,39.29100693886513,False
24003740602,11639828.34,4565374.38,24003,Census Tract 7406.02,39.22200780497077,False
24021753001,51013310.04,19990506.06,24021,Census Tract 7530.01,39.18684367731727,False
24033800106,51349667.04,19980535.679999996,24033,Census Tract 8001.06,38.91074048140507,False
24003731308,4920016.5,1914126.48,24003,Census Tract 7313.08,38.90487928241704,False
24031700826,18026322.299999997,7004089.26,24031,Census Tract 7008.26,38.85478770120515,False
24510270401,44159081.4,17107685.28,24510,Census Tract 2704.01,38.74103522452349,True
24033805802,57251653.199999996,22170598.38,24033,Census Tract 8058.02,38.724817783951785,False
24005404403,42956180.82,16616917.799999999,24005,Census Tract 4044.03,38.68341524501479,False
24031701102,25373737.62,9815417.64,24031,Census Tract 7011.02,38.68337328538987,False
24510100200,92298575.88,35662563.72,24510,Census Tract 1002,38.63825999478683,True
24033804102,70594691.58,27126603.0,24033,Census Tract 8041.02,38.4258396670794,False
24510090800,146341707.12,56188174.13999999,24510,Census Tract 908,38.39518838872486,True
24031701202,34093369.8,13028941.799999999,24031,Census Tract 7012.02,38.215470856741184,False
24003731003,4779876.78,1826083.9800000002,24003,Census Tract 7310.03,38.20357854496827,False
24043000302,43956828.72,16737498.54,24043,Census Tract 3.02,38.077129373039995,False
24033804900,18240735.24,6935458.32,24033,Census Tract 8049,38.021813423349705,False
24033805202,21348644.939999998,8110868.219999999,24033,Census Tract 8052.02,37.992426417674075,False
24510070400,65798386.92,24997316.4,24510,Census Tract 704,37.9907738929719,True
24033806501,50266481.58,19064120.04,24033,Census Tract 8065.01,37.926107896887736,False
24005402504,13671963.9,5168034.899999999,24005,Census Tract 4025.04,37.800238047732115,False
24510150200,61379249.4,23191961.939999998,24510,Census Tract 1502,37.784694610488344,True
24510190300,93372914.88,35229694.5,24510,Census Tract 1903,37.730100367195476,True
24005408704,36797967.36,13848071.579999998,24005,Census Tract 4087.04,37.63270792791963,False
24003730507,40030927.019999996,15058525.86,24003,Census Tract 7305.07,37.6172299294407,False
24005430200,58138787.699999996,21818687.94,24005,Census Tract 4302,37.52862555818308,False
24510120100,27803692.98,10418078.159999998,24510,Census Tract 1201,37.47012372598857,True
24510010400,51534167.58,19284170.22,24510,Census Tract 104,37.42016437941657,True
24031701315,14279781.6,5338085.759999999,24031,Census Tract 7013.15,37.38212466778903,False
24027605401,13856128.02,5168034.899999999,24027,Census Tract 6054.01,37.29782874797659,False
24005492402,42492781.8,15768232.2,24005,Census Tract 4924.02,37.10802525053796,False
24510130300,99891054.89999999,37040033.52,24510,Census Tract 1303,37.08043083245085,True
24025306200,12799416.419999998,4729391.1,24025,Census Tract 3062,36.95005260247639,False
24025301202,79259332.32,29256001.74,24025,Census Tract 3012.02,36.911743871223166,False
24033806713,72312259.32,26670757.679999996,24033,Census Tract 8067.13,36.88276086351439,False
24003702601,15744539.16,5786699.9399999995,24003,Census Tract 7026.01,36.75369524121403,False
24510200702,3312873.9,1217389.32,24510,Census Tract 2007.02,36.74722783743746,True
24025301704,38736358.919999994,14201708.22,24025,Census Tract 3017.04,36.66247581330497,False
24510250402,40657819.86,14871273.479999999,24510,Census Tract 2504.02,36.57666232770799,True
24031702301,6984011.16,2546698.14,24031,Census Tract 7023.01,36.46469173167816,False
24017851302,79869321.0,29074178.7,24017,Census Tract 8513.02,36.40218589062501,False
24005404501,21479456.88,7815103.38,24005,Census Tract 4045.01,36.38408281764711,False
24033800212,44619912.54,16093796.04,24033,Census Tract 8002.12,36.06864093597795,False
24009860404,28950485.759999998,10431984.78,24009,Census Tract 8604.04,36.03388511847892,False
24003731312,30370776.66,10936632.42,24003,Census Tract 7313.12,36.010381105611145,False
24003702704,128464478.1,46088773.92,24003,Census Tract 7027.04,35.87666769962926,False
24033804002,164674640.34,58911696.900000006,24033,Census Tract 8040.02,35.7746018320528,False
24033801302,39671881.2,14191737.84,24033,Census Tract 8013.02,35.77278770435519,False
24021750300,6808020.66,2434778.64,24021,Census Tract 7503,35.76338500711894,False
24031701507,58799283.480000004,21005306.28,24031,Census Tract 7015.07,35.723745319353675,False
24047951700,72215377.92,25781142.240000002,24047,Census Tract 9517,35.70034940281041,False
24033803403,115214292.89999999,40908670.739999995,24033,Census Tract 8034.03,35.50659359208722,False
24033802002,82698370.02,29354014.619999997,24033,Census Tract 8020.02,35.49527592007066,False
24003730508,40239489.78,14279780.34,24003,Census Tract 7305.08,35.48698161450694,False
24031700313,87430014.0,30884301.0,24031,Census Tract 7003.13,35.3245980264855,False
24025304102,40182622.2,14191737.84,24025,Census Tract 3041.02,35.31809788162605,False
24510120700,49984933.32,17610320.699999996,24510,Census Tract 1207,35.231257761733865,True
24043000602,36975801.24,13010839.379999999,24043,Census Tract 6.02,35.187444067946316,False
24033804001,16885072.259999998,5934712.14,24033,Census Tract 8040.01,35.1476857701052,False
24033803527,86984554.86,30544528.139999997,24033,Census Tract 8035.27,35.11488699247911,False
24043010300,112275213.11999999,39416282.64,24043,Census Tract 103,35.10684285931552,False
24033805907,40994920.26,14380792.02,24033,Census Tract 8059.07,35.07944869460273,False
24510080101,115124625.0,40365979.92,24510,Census Tract 801.01,35.062854641220326,True
24021750801,50907950.1,17833406.22,24021,Census Tract 7508.01,35.030690068976085,False
24031701601,56764810.62,19832809.5,24031,Census Tract 7016.01,34.938563668901395,False
24031701007,99071534.52,34582315.32,24031,Census Tract 7010.07,34.906409280476744,False
24033804300,139694902.2,48569070.059999995,24033,Census Tract 8043,34.767961675841306,False
24027605502,13370180.04,4647382.739999999,24027,Census Tract 6055.02,34.75931308401439,False
24005411410,3869878.3200000003,1331406.7200000002,24005,Census Tract 4114.10,34.40435615557029,False
24031702200,88251971.22,30297602.16,24031,Census Tract 7022,34.330793682185586,False
24005452500,37361332.26,12788950.86,24005,Census Tract 4525,34.230446524232164,False
24033806708,52579697.94,17995854.240000002,24033,Census Tract 8067.08,34.225860826616994,False
24005490500,18970575.119999997,6473466.72,24005,Census Tract 4905,34.12372413093189,False
24017850708,45188857.98,15409127.16,24017,Census Tract 8507.08,34.099394958863265,False
24015030400,85317712.2,29065766.939999998,24015,Census Tract 304,34.067682068014946,False
24510160600,70151950.26,23889600.0,24510,Census Tract 1606,34.05407819947898,True
24510150400,100871826.3,34297092.9,24510,Census Tract 1504,34.00066615032626,True
24005401000,13472261.459999999,4579280.999999999,24005,Census Tract 4010,33.99044038446088,False
24031700820,17300753.82,5876840.34,24031,Census Tract 7008.20,33.968695243823774,False
24033800704,68684720.58,23320388.700000003,24033,Census Tract 8007.04,33.952804208961965,False
24047950100,83236473.18,28250961.48,24047,Census Tract 9501,33.940603680921114,False
24031701201,24189762.24,8207312.399999999,24031,Census Tract 7012.01,33.92886758691846,False
24033805801,20856439.799999997,7074029.339999999,24033,Census Tract 8058.01,33.917722333415696,False
24003730605,52714192.86,17849939.94,24003,Census Tract 7306.05,33.861734329133014,False
24013506101,55432327.86,18763146.36,24013,Census Tract 5061.01,33.8487432954074,False
24005440900,46147059.0,15573143.88,24005,Census Tract 4409,33.74677437190526,False
24510270802,82477834.74,27805237.74,24510,Census Tract 2708.02,33.71237597064979,True
24033807404,132751959.47999999,44677891.44,24033,Census Tract 8074.04,33.65516532863761,False
24005492200,19380739.139999997,6491309.579999999,24005,Census Tract 4922,33.493612050133606,False
24005400200,13890696.12,4647382.739999999,24005,Census Tract 4002,33.4568023074714,False
24031701703,53748303.84,17949791.16,24031,Census Tract 7017.03,33.39601415783021,False
24031705702,3664696.14,1223423.46,24031,Census Tract 7057.02,33.38403549059323,False
24005402303,108870433.56,36164955.96,24005,Census Tract 4023.03,33.21834475846833,False
24003730701,48960887.22,16244919.179999998,24003,Census Tract 7307.01,33.17938073100138,False
24003706600,79184851.2,26267417.82,24003,Census Tract 7066,33.17227654271326,False
24015030508,36852792.48,12189967.02,24015,Census Tract 305.08,33.077458178007795,False
24003706403,37091845.98,12180256.2,24003,Census Tract 7064.03,32.83809656323824,False
24043000601,25586227.8,8395465.68,24043,Census Tract 6.01,32.81244013625174,False
24031705901,32132538.9,10510056.899999999,24031,Census Tract 7059.01,32.70845460643012,False
24033801709,95658910.2,31269338.1,24033,Census Tract 8017.09,32.68836957751584,False
24033800211,51189436.62,16702490.7,24033,Census Tract 8002.11,32.62878398914483,False
24031701508,13985395.2,4559340.239999999,24031,Census Tract 7015.08,32.6007250763997,False
24021751201,16132203.36,5256077.399999999,24021,Census Tract 7512.01,32.581274130429755,False
24510200100,68712089.04,22386712.32,24510,Census Tract 2001,32.58045655833257,True
24031701308,45613980.72,14820373.26,24031,Census Tract 7013.08,32.49085702687165,False
24047951300,16194151.26,5256077.399999999,24047,Census Tract 9513,32.45664015120481,False
24031700210,24637636.8,7989090.4799999995,24031,Census Tract 7002.10,32.42636680154324,False
24013507602,96229840.14,30964826.34,24013,Census Tract 5076.02,32.17798792448456,False
24031700904,107175778.92,34436443.86,24031,Census Tract 7009.04,32.13080810516399,False
24027601206,102359939.22,32879196.0,24027,Census Tract 6012.06,32.12115623606756,False
24510271700,157443722.1,50424052.14,24510,Census Tract 2717,32.026714985798726,True
24027602306,32226843.599999998,10317967.379999999,24027,Census Tract 6023.06,32.016686176489216,False
24005402403,18344090.52,5868708.3,24005,Census Tract 4024.03,31.99236448163798,False
24033801807,46258318.26,14794398.36,24033,Census Tract 8018.07,31.982136222174024,False
24005490304,77439088.44,24698256.659999996,24005,Census Tract 4903.04,31.893785370596486,False
24027605503,14925728.159999998,4751429.76,24027,Census Tract 6055.03,31.83382216978552,False
24003730101,16243195.499999998,5168034.899999999,24003,Census Tract 7301.01,31.816614532528405,False
24027602303,16256373.839999998,5168034.899999999,24027,Census Tract 6023.03,31.790822177598248,False
24047950300,48617629.199999996,15405848.639999999,24047,Census Tract 9503,31.687782587308885,False
24003701202,18251398.62,5782763.699999999,24003,Census Tract 7012.02,31.68394828472602,False
24005402503,116267883.47999999,36813048.3,24005,Census Tract 4025.03,31.66226751373904,False
24033802103,84136556.7,26558049.419999998,24033,Census Tract 8021.03,31.56541040144563,False
24005420303,42150545.64,13196894.759999998,24005,Census Tract 4203.03,31.308953560678027,False
24031701407,51194286.36,16027792.2,24031,Census Tract 7014.07,31.30777541714716,False
24510130806,35338190.58,11014704.54,24510,Census Tract 1308.06,31.16940725944775,True
24510220100,137008132.38,42662845.26,24510,Census Tract 2201,31.138914543898846,True
24031702700,21731469.48,6753598.74,24031,Census Tract 7027,31.07750603895195,False
24003730603,68573156.39999999,21289903.74,24003,Census Tract 7306.03,31.046993980869168,False
24031704401,61366433.94,19009171.439999998,24031,Census Tract 7044.01,30.976496790714442,False
24510160500,52589824.559999995,16258713.659999998,24510,Census Tract 1605,30.916082713777357,True
24003731310,17069400.18,5272081.919999999,24003,Census Tract 7313.10,30.886158062995268,False
24003751103,16842674.52,5168034.899999999,24003,Census Tract 7511.03,30.684170105307,False
24033801802,68261562.17999999,20856097.08,24033,Census Tract 8018.02,30.55320800453442,False
24043000200,17376938.46,5282052.3,24043,Census Tract 2,30.39690974424962,False
24005491401,57332448.18,17411296.14,24005,Census Tract 4914.01,30.369008637719052,False
24510150600,108590252.39999999,32829196.679999996,24510,Census Tract 1506,30.232176419547578,True
24510090200,54229654.08,16286171.58,24510,Census Tract 902,30.031855921438325,True
24005408503,50185947.419999994,15053149.44,24005,Census Tract 4085.03,29.994749952655177,False
24005411101,32387242.86,9709272.72,24005,Census Tract 4111.01,29.978694889127098,False
24510260101,88587670.5,26517908.34,24510,Census Tract 2601.01,29.934084721191535,True
24021750804,4049846.64,1211355.1800000002,24021,Census Tract 7508.04,29.91113707950186,False
24045010503,21443449.86,6405364.9799999995,24045,Census Tract 105.03,29.870963029826584,False
24005408100,48119305.5,14368723.739999998,24005,Census Tract 4081,29.860621616826947,False
24510090400,39580812.18,11799484.2,24510,Census Tract 904,29.811121980872905,True
24021750506,52226858.879999995,15503203.799999999,24021,Census Tract 7505.06,29.684350413685078,False
24031703207,53383419.18,15790270.859999998,24031,Census Tract 7032.07,29.578979957724016,False
24017851001,50735258.28,14976517.5,24017,Census Tract 8510.01,29.518953894640546,False
24005403402,99654560.46,29411643.24,24005,Census Tract 4034.02,29.513594866343762,False
24033803608,185792375.16,54833568.3,24033,Census Tract 8036.08,29.51335772136969,False
24510280401,54831577.5,16181838.540000001,24510,Census Tract 2804.01,29.511896753289655,True
24015030505,120285898.74,35393599.08,24015,Census Tract 305.05,29.424562189541323,False
24031701222,24049969.02,7076127.239999999,24031,Census Tract 7012.22,29.422604387205148,False
24005450800,59296035.96,17442108.18,24005,Census Tract 4508,29.41530221643504,False
24005404502,35418283.74,10418078.159999998,24005,Census Tract 4045.02,29.414407079906685,False
24033800108,37310816.339999996,10914350.58,24033,Census Tract 8001.08,29.252510801536648,False
24510200600,143154118.79999998,41779395.0,24510,Census Tract 2006,29.184905995174205,True
24005440400,40309075.8,11741612.399999999,24005,Census Tract 4404,29.12895462614402,False
24510270101,22513293.18,6549440.9399999995,24510,Census Tract 2701.01,29.0914389451397,True
24005404900,35534903.04,10324001.52,24005,Census Tract 4049,29.053129843575903,False
24045010101,116996914.44,33854582.16,24045,Census Tract 101.01,28.9363034247897,False
24510120600,98150838.66,28400423.939999998,24510,Census Tract 1206,28.93548779382381,True
24033803612,105228913.86,30392579.7,24033,Census Tract 8036.12,28.882346671785747,False
24033805908,23442889.68,6755437.079999999,24033,Census Tract 8059.08,28.81657155842572,False
24005450100,347607778.14,99970261.02,24005,Census Tract 4501,28.75950059429818,False
24021753002,49385037.24,14191737.84,24021,Census Tract 7530.02,28.736918372727747,False
24033803607,16459319.52,4729391.1,24033,Census Tract 8036.07,28.733819124498044,False
24021751202,20752673.759999998,5952814.56,24021,Census Tract 7512.02,28.684566763988876,False
24031700723,65751564.059999995,18823773.779999997,24031,Census Tract 7007.23,28.628632716360663,False
24003701201,321297.48,91978.74,24003,Census Tract 7012.01,28.62728335124197,False
24033801405,270874090.62,77424152.39999999,24033,Census Tract 8014.05,28.583077924797056,False
24510160300,38580388.559999995,11014704.54,24510,Census Tract 1603,28.550009347028727,True
24005402405,26886067.74,7672753.619999999,24005,Census Tract 4024.05,28.5380282985183,False
24003730403,16051148.82,4569310.619999999,24003,Census Tract 7304.03,28.467187434625004,False
24005420900,36986215.14,10517929.379999999,24005,Census Tract 4209,28.43743091902644,False
24031703302,48333521.879999995,13731713.099999998,24031,Census Tract 7033.02,28.41033006883379,False
24031706005,16096275.719999999,4559340.239999999,24031,Census Tract 7060.05,28.325435767324194,False
24510200200,113049231.11999999,31990741.019999996,24510,Census Tract 2002,28.298061564029855,True
24033807409,137545328.34,38801553.839999996,24033,Census Tract 8074.09,28.210012152565408,False
24510120500,50742102.6,14298168.78,24510,Census Tract 1205,28.178116489796384,True
24510270501,34014433.32,9578748.059999999,24510,Census Tract 2705.01,28.16083387274258,True
24005440701,76119092.28,21431881.8,24005,Census Tract 4407.01,28.155724349896307,False
24033803803,39006477.72,10936632.419999998,24033,Census Tract 8038.03,28.03799024999481,False
24045010605,50643755.82,14197771.98,24045,Census Tract 106.05,28.034595282510782,False
24510260900,40039501.32,11224281.6,24510,Census Tract 2609,28.033020467198966,True
24031700813,17387811.0,4872964.32,24031,Census Tract 7008.13,28.025174186675944,False
24045010300,61827369.66,17323253.64,24045,Census Tract 103,28.018745961964317,False
24031701503,85001482.44,23794622.46,24031,Census Tract 7015.03,27.993185268028604,False
24005402305,175193943.12,48966671.88,24005,Census Tract 4023.05,27.949979895400848,False
24510270805,95095079.1,26573439.06,24510,Census Tract 2708.05,27.94407377489631,True
24031700905,2832716.88,790813.8,24031,Census Tract 7009.05,27.917149277551523,False
24047951200,50880826.08,14191737.84,24047,Census Tract 9512,27.892113657286753,False
24510140100,35228586.95999999,9821451.78,24510,Census Tract 1401,27.879210117486927,True
24005420800,41893445.16,11675348.999999998,24005,Census Tract 4208,27.86915460260991,False
24510090900,123894934.38,34477729.019999996,24510,Census Tract 909,27.828199104777635,True
24510261000,98919162.72,27473639.759999998,24510,Census Tract 2610,27.773829665104145,True
24510271900,77237536.32,21442753.08,24510,Census Tract 2719,27.76208835968216,True
24043010402,163755029.34,45389037.95999999,24043,Census Tract 104.02,27.717645157487038,False
24009860702,76555114.02,21197925.0,24009,Census Tract 8607.02,27.68975694355579,False
24510170300,78125544.0,21608867.699999996,24510,Census Tract 1703,27.65915805975059,True
24031703220,17134668.18,4729391.1,24031,Census Tract 7032.20,27.601299601005753,False
24510151200,68789236.32,18950684.76,24510,Census Tract 1512,27.548909936786465,True
24021750504,80572883.58,22166662.14,24021,Census Tract 7505.04,27.511317896412315,False
24013505203,23216681.88,6373355.9399999995,24013,Census Tract 5052.03,27.451622815620027,False
24510040200,126185813.46,34638789.78,24510,Census Tract 402,27.450621294271127,True
24033802405,56747593.98,15573143.879999999,24033,Census Tract 8024.05,27.44282671347893,False
24031706012,28437220.98,7800937.2,24031,Census Tract 7060.12,27.432136232603135,False
24510150800,55537278.3,15233413.859999998,24510,Census Tract 1508,27.429168886729542,True
24017850801,52128418.86,14285814.479999999,24017,Census Tract 8508.01,27.40504084416421,False
24510250103,98838628.56,27020458.08,24510,Census Tract 2501.03,27.337953261459134,True
24510030100,95626114.92,26131473.9,24510,Census Tract 301,27.32671291922857,True
24005411303,90087322.5,24541714.259999998,24005,Census Tract 4113.03,27.242139713942546,False
24510100100,66214795.5,18022460.4,24510,Census Tract 1001,27.21817724257715,True
24031705100,82321911.0,22399050.24,24031,Census Tract 7051,27.209098972447322,False
24031701101,23480297.82,6385424.22,24031,Census Tract 7011.01,27.194817838132515,False
24033802502,57463299.18,15621416.999999998,24033,Census Tract 8025.02,27.185033269786576,False
24045000400,93690524.34,25274699.1,24045,Census Tract 4,26.97679330759096,False
24510230100,28869431.220000003,7784932.680000001,24510,Census Tract 2301,26.966006433153414,True
24005420301,17350382.7,4641348.6,24005,Census Tract 4203.01,26.75069870360842,False
24031701313,19363595.580000002,5174069.04,24031,Census Tract 7013.13,26.720600616881917,False
24510270702,23953282.919999998,6399330.84,24510,Census Tract 2707.02,26.715882166852477,True
24005401503,24534488.16,6553377.18,24005,Census Tract 4015.03,26.71087791708796,False
24510160100,29397669.84,7842804.4799999995,24510,Census Tract 1601,26.67832016171796,True
24025302802,61183214.82,16314859.259999998,24025,Census Tract 3028.02,26.665580270664172,False
24005421101,49285335.95999999,13123018.44,24005,Census Tract 4211.01,26.626618616642176,False
24031703602,4900075.74,1299397.6800000002,24031,Census Tract 7036.02,26.517910108875174,False
24510010300,31468496.220000003,8281448.279999999,24510,Census Tract 103,26.316631789785596,True
24041960400,79639794.36,20852160.839999996,24041,Census Tract 9604,26.18309226884849,False
24003702402,189430228.26,49373175.6,24003,Census Tract 7024.02,26.064042710350055,False
24027605403,5050645.74,1311465.96,24027,Census Tract 6054.03,25.966302677170145,False
24031700733,137862304.02,35628213.6,24031,Census Tract 7007.33,25.843332485456887,False
24033806900,25295035.5,6507573.66,24033,Census Tract 8069,25.72668324580924,False
24031701602,38161172.699999996,9809383.5,24031,Census Tract 7016.02,25.70514165567035,False
24005403702,121885370.46,31263303.959999997,24005,Census Tract 4037.02,25.649759148297374,False
24033801211,82677036.96,21201861.24,24033,Census Tract 8012.11,25.64419580041031,False
24510160801,24896053.98,6373355.9399999995,24510,Census Tract 1608.01,25.599863918675517,True
24019970600,109597228.02,28052535.419999998,24019,Census Tract 9706,25.59602640212834,False
24031700616,5147644.32,1311465.96,24031,Census Tract 7006.16,25.47701197817024,False
24033801907,201606210.54,51291741.059999995,24033,Census Tract 8019.07,25.44154811630834,False
24045010606,91904116.5,23298350.04,24045,Census Tract 106.06,25.350714339329947,False
24033804700,20505628.08,5178005.279999999,24033,Census Tract 8047,25.251629746714883,False
24031703403,30474407.88,7684821.9,24031,Census Tract 7034.03,25.217296855317933,False
24025301302,35763109.199999996,9018326.52,24025,Census Tract 3013.02,25.216841381341645,False
24031700718,104878982.88,26386531.919999998,24031,Census Tract 7007.18,25.15902728594425,False
24031705000,33004193.04,8299550.699999999,24031,Census Tract 7050,25.146958418105285,False
24015031202,77078235.78,19371841.02,24015,Census Tract 312.02,25.132699034902586,False
24510260501,270423900.18,67892421.24,24510,Census Tract 2605.01,25.10592488119923,True
24031701408,87870817.44,22040576.459999997,24031,Census Tract 7014.08,25.08293094581686,False
24021751002,20701860.48,5184039.42,24021,Census Tract 7510.02,25.041418016551138,False
24510280101,112081449.06,27978044.22,24510,Census Tract 2801.01,24.962243488681747,True
24031702602,11395079.64,2822893.92,24031,Census Tract 7026.02,24.772919621297177,False
24510250206,116826436.44,28918665.72,24510,Census Tract 2502.06,24.753528911114326,True
24013507601,64057659.12,15852078.899999999,24013,Census Tract 5076.01,24.746578500947255,False
24031700727,8391486.6,2072109.06,24031,Census Tract 7007.27,24.69299134672991,False
24027605105,31168589.759999998,7694792.28,24027,Census Tract 6051.05,24.687649775785044,False
24005402306,24839952.48,6126801.66,24005,Census Tract 4023.06,24.665110228906524,False
24031706007,5299592.760000001,1305431.82,24031,Census Tract 7060.07,24.632681776099336,False
24033803601,148600189.07999998,36588949.739999995,24033,Census Tract 8036.01,24.62241129471381,False
24043000700,35414685.18,8713640.879999999,24043,Census Tract 7,24.604597882804047,False
24005491201,73787570.64,18130470.12,24005,Census Tract 4912.01,24.571170947551877,False
24510250207,21031325.279999997,5162000.759999999,24510,Census Tract 2502.07,24.544343693399426,True
24510272005,18920548.08,4641348.6,24510,Census Tract 2720.05,24.53073019013728,True
24043010901,23928590.7,5858737.919999999,24043,Census Tract 109.01,24.484258155663127,False
24027605106,21442008.419999998,5244009.119999999,24027,Census Tract 6051.06,24.45670674724975,False
24031700812,24870840.12,6060797.819999999,24031,Census Tract 7008.12,24.369091638067264,False
24005492101,87805293.66,21377946.24,24005,Census Tract 4921.01,24.346990197173948,False
24510280600,103094567.1,25065947.34,24510,Census Tract 2806,24.313548274262068,True
24033803613,56363927.76,13647606.839999998,24033,Census Tract 8036.13,24.2133708248866,False
24031705800,55504583.82,13373508.959999999,24031,Census Tract 7058,24.094422549622138,False
24005420100,111865205.33999999,26843018.58,24005,Census Tract 4201,23.99586046296887,False
24017850202,21630985.74,5168034.899999999,24017,Census Tract 8502.02,23.891814095384817,False
24510280402,22081134.599999998,5256077.4,24510,Census Tract 2804.02,23.803475207293022,True
24033802803,30774248.82,7322152.319999999,24033,Census Tract 8028.03,23.793114700630404,False
24510271400,14775203.52,3495754.08,24510,Census Tract 2714,23.65960018938541,True
24005400900,30862239.66,7270314.66,24005,Census Tract 4009,23.557313856981434,False
24033805500,28244069.279999997,6651390.059999999,24033,Census Tract 8055,23.549687525762927,False
24003702100,38784448.08,9118680.479999999,24003,Census Tract 7021,23.511177627669362,False
24031703402,27207694.08,6389360.46,24031,Census Tract 7034.02,23.483652974092834,False
24033800516,86087307.6,20204374.68,24033,Census Tract 8005.16,23.469632450208028,False
24031701417,32773130.459999997,7684821.9,24031,Census Tract 7014.17,23.44854395090337,False
24005403401,90496730.52,21197925.0,24005,Census Tract 4034.01,23.423967781151173,False
24510120400,29216341.98,6839543.34,24510,Census Tract 1204,23.409992067733867,True
24027603003,102759448.67999999,24035228.279999997,24027,Census Tract 6030.03,23.389798786141167,False
24025301401,42007727.16,9815417.639999999,24025,Census Tract 3014.01,23.365743170571477,False
24031703216,2693479.3200000003,628635.42,24031,Census Tract 7032.16,23.339158958161224,False
24033803519,69105566.88,16099830.18,24033,Census Tract 8035.19,23.29744318277127,False
24003706102,5585839.5600000005,1299397.6800000002,24003,Census Tract 7061.02,23.262352347262908,False
24031700725,5771077.2,1339538.76,24031,Census Tract 7007.25,23.21124312805935,False
24510020100,25285720.319999997,5852703.779999999,24510,Census Tract 201,23.146280611870658,True
24510080200,90495324.36,20757183.3,24510,Census Tract 802,22.93729918843732,True
24033803528,19910701.439999998,4565374.38,24033,Census Tract 8035.28,22.929249347430325,False
24033800216,33089467.319999997,7584711.12,24033,Census Tract 8002.16,22.921829011782354,False
24027606901,282161500.74,64654734.059999995,24027,Census Tract 6069.01,22.914087815111465,False
24031701409,42553037.52,9733409.28,24031,Census Tract 7014.09,22.87359457106976,False
24027606904,62453628.72,14274647.099999998,24027,Census Tract 6069.04,22.856393443522553,False
24510080302,26008806.6,5934712.14,24510,Census Tract 803.02,22.818087085933424,True
24033802408,25278760.08,5764661.279999999,24033,Census Tract 8024.08,22.804367230657302,False
24031702000,28067983.02,6399330.84,24031,Census Tract 7020,22.79939686239699,False
24027601108,5357134.44,1221325.56,24027,Census Tract 6011.08,22.79811294039505,False
24003750201,30672288.36,6988084.739999999,24003,Census Tract 7502.01,22.783056347087626,False
24031700819,23468972.939999998,5342021.999999999,24031,Census Tract 7008.19,22.76206126981882,False
24031700815,23109304.68,5256077.399999999,24031,Census Tract 7008.15,22.744420365658527,False
24009861004,20094806.34,4569310.619999999,24009,Census Tract 8610.04,22.738764149741986,False
24031701424,22746270.96,5168034.899999999,24031,Census Tract 7014.24,22.72036110485162,False
24005450504,59389825.32,13489624.26,24005,Census Tract 4505.04,22.71369580111774,False
24003730404,33554433.78,7584711.12,24003,Census Tract 7304.04,22.604199402467163,False
24510130400,111154173.48,25064221.139999997,24510,Census Tract 1304,22.54905988258714,True
24031700207,23513346.36,5290184.34,24031,Census Tract 7002.07,22.49864506312661,False
24510151100,76173706.97999999,16975391.58,24510,Census Tract 1511,22.28510630900111,True
24033801600,23665792.5,5262111.539999999,24033,Census Tract 8016,22.23509540193931,False
24017850713,84833242.2,18855125.1,24017,Census Tract 8507.13,22.22610454466398,False
24045010400,104682167.1,23214901.499999996,24045,Census Tract 104,22.17655799752735,False
24033806000,94366021.67999999,20873584.62,24033,Census Tract 8060,22.11980991503848,False
24031700103,117310498.2,25916148.72,24031,Census Tract 7001.03,22.091926227963118,False
24510271300,26553924.18,5862674.159999999,24510,Census Tract 2713,22.078371996014333,True
24005402202,20654368.56,4553306.1,24005,Census Tract 4022.02,22.04524474700281,False
24510250303,94218737.75999999,20755986.299999997,24510,Census Tract 2503.03,22.02957372754343,True
24003751500,155947409.1,34147893.78,24003,Census Tract 7515,21.897057461277182,False
24021750600,29622297.599999998,6473466.72,24021,Census Tract 7506,21.853357924538575,False
24033802404,47689218.36,10412044.02,24033,Census Tract 8024.04,21.833119472415692,False
24005430700,67949292.6,14800432.5,24005,Census Tract 4307,21.78158437516979,False
24033801212,21402606.96,4641348.6,24033,Census Tract 8012.12,21.685903070940657,False
24510271001,17633445.48,3822218.8200000003,24510,Census Tract 2710.01,21.675961310767043,True
24005490900,96116806.8,20817307.98,24005,Census Tract 4909,21.658343294026285,False
24031703206,32658772.86,7070093.1,24031,Census Tract 7032.06,21.64837341043928,False
24033800521,72766213.38,15697131.659999998,24033,Census Tract 8005.21,21.57200564776729,False
24033805700,15306127.2,3293434.62,24033,Census Tract 8057,21.517099505092315,False
24037876001,81915017.94,17588282.04,24037,Census Tract 8760.01,21.47137665633282,False
24003740303,69140738.52,14800432.5,24003,Census Tract 7403.03,21.406240107948445,False
24031701004,14351358.42,3053443.68,24031,Census Tract 7010.04,21.276339079823497,False
24033801210,27325725.84,5770695.42,24033,Census Tract 8012.10,21.118177990180698,False
24021751004,24941216.16,5256077.399999999,24021,Census Tract 7510.04,21.07386170057555,False
24005402404,30918889.259999998,6505475.76,24005,Census Tract 4024.04,21.040457518686427,False
24003730205,28364715.54,5952814.56,24003,Census Tract 7302.05,20.98668873165791,False
24043011204,34135903.62,7158135.6,24043,Census Tract 112.04,20.969521356997554,False
24005402302,61513583.04,12864925.08,24005,Census Tract 4023.02,20.913958258023136,False
24031700731,36413637.12,7592313.96,24031,Census Tract 7007.31,20.85019393964895,False
24021751003,166500580.68,34671544.739999995,24021,Census Tract 7510.03,20.823677970610664,False
24003750102,34512221.52,7186208.4,24003,Census Tract 7501.02,20.822213359506737,False
24510160400,103556514.6,21532893.479999997,24510,Census Tract 1604,20.793374094496606,True
24005408703,21968340.66,4565374.38,24005,Census Tract 4087.03,20.78160772658011,False
24510120300,104286385.97999999,21646910.88,24510,Census Tract 1203,20.75717810774595,True
24005452400,334112013.9,69273896.58,24005,Census Tract 4524,20.733734106530434,False
24033806712,22103000.64,4575344.76,24033,Census Tract 8067.12,20.700106897341158,False
24510260302,41223436.379999995,8527473.36,24510,Census Tract 2603.02,20.685983772418346,True
24005408400,109947993.11999999,22731279.48,24005,Census Tract 4084,20.674574255475964,False
24021766800,50570202.059999995,10434082.679999998,24021,Census Tract 7668,20.632867291335476,False
24033801905,68816166.3,14185703.7,24033,Census Tract 8019.05,20.613911618032116,False
24510080700,48379157.82,9885357.719999999,24510,Census Tract 807,20.433091780513344,True
24031701212,69622401.24,14191737.84,24031,Census Tract 7012.12,20.383867242784,False
24510270200,25424422.38,5178005.279999999,24510,Census Tract 2702,20.366265170583592,True
24510260102,34325871.3,6963418.979999999,24510,Census Tract 2601.02,20.286211875414214,True
24003751102,138105443.7,27967814.279999997,24003,Census Tract 7511.02,20.25105856127813,False
24031704200,39056232.599999994,7898950.079999999,24031,Census Tract 7042,20.224557142769577,False
24033803514,220743346.32,44618796.18,24033,Census Tract 8035.14,20.21297444468314,False
24031700713,74379275.46,14956974.899999999,24031,Census Tract 7007.13,20.109062379941605,False
24045010704,73801464.66,14800432.5,24045,Census Tract 107.04,20.054388579122275,False
24005408302,22755400.919999998,4559340.239999999,24005,Census Tract 4083.02,20.036299320891068,False
24031701314,31927279.86,6385424.22,24031,Census Tract 7013.14,19.99990054899716,False
24005402407,152760143.34,30320282.159999996,24005,Census Tract 4024.07,19.84829386583894,False
24005404101,85641362.1,16986558.96,24005,Census Tract 4041.01,19.834526849497646,False
24031700832,29589603.119999997,5858737.92,24031,Census Tract 7008.32,19.799988179091198,False
24005492300,18381458.34,3638001.7800000003,24005,Census Tract 4923,19.791692871741972,False
24031700613,15833735.82,3131515.8000000003,24031,Census Tract 7006.13,19.777491778311102,False
24510260404,339419278.8,67023880.559999995,24510,Census Tract 2604.04,19.746633366542877,True
24510200400,23952753.72,4729391.1,24510,Census Tract 2004,19.744665499779536,True
24005404202,125575610.58,24739482.599999998,24005,Census Tract 4042.02,19.700865865381804,False
24031701205,138486680.64,27214645.5,24031,Census Tract 7012.05,19.651453391929607,False
24031701206,32585982.66,6385424.22,24031,Census Tract 7012.06,19.595616577302874,False
24510210200,129442147.38,25280976.419999998,24510,Census Tract 2102,19.530714633297364,True
24031700618,4017308.4000000004,778745.52,24031,Census Tract 7006.18,19.384758212737662,False
24510120202,23361825.06,4516858.08,24510,Census Tract 1202.02,19.334354522385933,True
24005403300,3260629.2600000002,628635.42,24005,Census Tract 4033,19.27957366118956,False
24510272003,19947547.62,3826155.06,24510,Census Tract 2720.03,19.181079964756087,True
24005401301,82112013.89999999,15691998.419999998,24005,Census Tract 4013.01,19.110478083159034,False
24031701505,62455858.92,11899266.120000001,24031,Census Tract 7015.05,19.052281604583847,False
24021750701,31305215.34,5962784.9399999995,24021,Census Tract 7507.01,19.047257382641597,False
24510090500,93546317.34,17790341.939999998,24510,Census Tract 905,19.017682839763616,True
24035811000,23990033.34,4559340.239999999,24035,Census Tract 8110,19.005143408441796,False
24019970400,90920279.52,17243714.88,24019,Census Tract 9704,18.965752163362904,False
24033807500,81879798.42,15513572.339999998,24033,Census Tract 8075,18.946764207238992,False
24045010102,102863832.11999999,19365806.88,24045,Census Tract 101.02,18.82664341865859,False
24510260301,103072674.6,19347832.979999997,24510,Census Tract 2603.01,18.7710594054964,True
24033801808,3680234.46,690703.02,24033,Census Tract 8018.08,18.767908064205237,False
24033801702,82510226.82000001,15397058.88,24033,Census Tract 8017.02,18.660788454247516,False
24009860801,76196014.02,14207742.360000001,24009,Census Tract 8608.01,18.646306559120983,False
24005450900,6942596.22,1293363.54,24005,Census Tract 4509,18.62939308315413,False
24033801308,6927311.16,1287329.4000000001,24033,Census Tract 8013.08,18.583392174345466,False
24005451401,34887410.46,6479500.86,24005,Census Tract 4514.01,18.572604772225905,False
24031700835,34557267.78,6401428.739999999,24031,Census Tract 7008.35,18.52411707069279,False
24510260700,34471119.059999995,6383326.319999999,24510,Census Tract 2607,18.51789699339108,True
24033800513,31253457.06,5770695.42,24033,Census Tract 8005.13,18.4641827267988,False
24003750101,97129263.42,17928410.22,24003,Census Tract 7501.01,18.4582993721214,False
24510271200,52777505.339999996,9700368.299999999,24510,Census Tract 2712,18.37974007583133,True
24015031302,103063224.6,18933197.22,24015,Census Tract 313.02,18.370468509482286,False
24005400800,60854115.419999994,11126883.599999998,24005,Census Tract 4008,18.284521142415777,False
24021767600,78201547.2,14285814.48,24021,Census Tract 7676,18.26794352733727,False
24041960700,28333252.08,5168034.899999999,24041,Census Tract 9607,18.240175485002073,False
24510270901,38462545.8,7006187.159999999,24510,Census Tract 2709.01,18.215609534613797,True
24031701006,83814286.5,15244581.24,24031,Census Tract 7010.06,18.188523552008046,False
24005451200,263201412.6,47767539.96,24005,Census Tract 4512,18.148663978713007,False
24025303400,78760221.12,14279780.34,24025,Census Tract 3034,18.13070118003244,False
24031700308,11034395.82,1996134.84,24031,Census Tract 7003.08,18.090114516120376,False
24031701219,32116880.879999995,5788797.839999999,24031,Census Tract 7012.19,18.02415951171906,False
24027606604,6772016.16,1217389.32,24027,Census Tract 6066.04,17.97676336318725,False
24031702302,23779312.2,4230691.92,24031,Census Tract 7023.02,17.79148145420287,False
24021750507,29663460.54,5274179.82,24021,Census Tract 7505.07,17.780055745309884,False
24003731103,58975082.46,10448248.86,24003,Census Tract 7311.03,17.716378552054678,False
24027606708,130224282.3,23041322.64,24027,Census Tract 6067.08,17.693568536564705,False
24031701425,122393018.16,21615839.28,24031,Census Tract 7014.25,17.661006816371167,False
24510060300,40781951.28,7184110.499999999,24510,Census Tract 603,17.615906729610508,True
24005401505,59670361.8,10510056.899999999,24005,Census Tract 4015.05,17.61352970378671,False
24510260201,68662034.28,12075446.879999999,24510,Census Tract 2602.01,17.586788691341408,True
24005440100,109915876.97999999,19256097.419999998,24005,Census Tract 4401,17.51894080188596,False
24510160700,25449010.02,4430913.48,24510,Census Tract 1607,17.410946345330572,True
24510080600,67484618.46,11747646.54,24510,Census Tract 806,17.407887616588003,True
24031700315,10678643.639999999,1838152.2600000002,24031,Census Tract 7003.15,17.213349578542548,False
24005430400,243255523.14,41746078.08,24005,Census Tract 4304,17.1614101670259,False
24033800413,18366720.12,3129417.9000000004,24033,Census Tract 8004.13,17.038523370279353,False
24031706013,26780037.48,4553306.1,24031,Census Tract 7060.13,17.002612873116856,False
24033802204,188088815.88,31799960.64,24033,Census Tract 8022.04,16.906885447292233,False
24043011203,26936167.86,4553306.1,24043,Census Tract 112.03,16.904060457544237,False
24043011301,27049373.819999997,4559340.239999999,24043,Census Tract 113.01,16.855622131366587,False
24033801904,181100877.29999998,30506597.099999998,24033,Census Tract 8019.04,16.84508521152261,False
24005411411,34837742.519999996,5862674.159999999,24005,Census Tract 4114.11,16.82851337635984,False
24017850802,350644575.96,58956076.62,24017,Census Tract 8508.02,16.813628574914976,False
24021772200,81086249.16,13631602.319999998,24021,Census Tract 7722,16.81123798574283,False
24510200300,27797842.8,4647382.739999999,24510,Census Tract 2003,16.718501408317913,True
24003740900,35665738.92,5952814.56,24003,Census Tract 7409,16.690568428576384,False
24510170200,98704349.1,16420389.299999999,24510,Census Tract 1702,16.63593291453051,True
24033802407,51623385.66,8533507.5,24033,Census Tract 8024.07,16.530313521478554,False
24510150500,86260831.02,14250267.36,24510,Census Tract 1505,16.51997458347695,True
24510090300,105252247.8,17387159.580000002,24510,Census Tract 903,16.519513780873385,True
24005403703,31788834.84,5244009.12,24005,Census Tract 4037.03,16.49638669172437,False
24003706500,107986759.02,17772255.9,24003,Census Tract 7065,16.45781025496694,False
24005402603,38966572.26,6399330.84,24005,Census Tract 4026.03,16.422616793956617,False
24510280500,280455924.42,45848010.599999994,24510,Census Tract 2805,16.347670563499943,True
24037875501,122357347.56,19962433.26,24037,Census Tract 8755.01,16.31486270181779,False
24033807000,59518602.36,9656403.12,24033,Census Tract 8070,16.224176538274477,False
24013507801,35696170.44,5786699.9399999995,24013,Census Tract 5078.01,16.210982491039452,False
24031700837,37290040.199999996,6040857.06,24031,Census Tract 7008.37,16.199652849931766,False
24021750802,44816139.9,7258246.38,24021,Census Tract 7508.02,16.195608091628614,False
24031704700,15713691.84,2530693.62,24031,Census Tract 7047,16.105022586468134,False
24003740305,45202820.04,7268131.08,24003,Census Tract 7403.05,16.078932848809934,False
24031702603,7633591.56,1227359.7,24031,Census Tract 7026.03,16.07840412148014,False
24025301707,32920647.48,5289924.779999999,24025,Census Tract 3017.07,16.06871427183728,False
24033803508,36037333.08,5786699.9399999995,24033,Census Tract 8035.08,16.057514375866795,False
24047951000,51329824.559999995,8221478.579999999,24047,Census Tract 9510,16.01696216668308,False
24033801307,61451574.66,9841392.54,24033,Census Tract 8013.07,16.014874467335577,False
24033800410,36136497.6,5770695.419999999,24033,Census Tract 8004.10,15.969160829797735,False
24037875904,61013054.339999996,9731311.379999999,24037,Census Tract 8759.04,15.94955618148783,False
24027606906,37268816.76,5940746.279999999,24027,Census Tract 6069.06,15.94025997191331,False
24003731201,16423338.96,2616897.7800000003,24003,Census Tract 7312.01,15.934017962934378,False
24017850901,175290596.46,27857447.1,24017,Census Tract 8509.01,15.892151468807889,False
24003731309,60187383.9,9542914.92,24003,Census Tract 7313.09,15.855340939648318,False
24003730300,36440732.16,5776729.56,24003,Census Tract 7303,15.852397077633253,False
24033801411,28780126.2,4559340.239999999,24033,Census Tract 8014.11,15.841974452495624,False
24005450501,64120408.379999995,10089515.519999998,24005,Census Tract 4505.01,15.735263974312195,False
24005408304,28984083.66,4559340.239999999,24005,Census Tract 4083.04,15.730496411353512,False
24033801406,28994888.16,4559340.239999999,24033,Census Tract 8014.06,15.72463468332964,False
24037875803,96472889.1,14983452.54,24037,Census Tract 8758.03,15.531257205813276,False
24009860403,3894569.2800000003,602660.52,24009,Census Tract 8604.03,15.474381803781906,False
24047951101,7881984.18,1217389.32,24047,Census Tract 9511.01,15.445213948653219,False
24013513002,99940943.34,15419097.54,24013,Census Tract 5130.02,15.42820892488886,False
24031703401,50435975.52,7772864.4,24031,Census Tract 7034.01,15.411349378813402,False
24003751400,135849014.28,20863328.22,24003,Census Tract 7514,15.35773250220156,False
24001000500,34328054.879999995,5262111.539999999,24001,Census Tract 5,15.328895151195352,False
24510060400,96256044.36,14750449.559999999,24510,Census Tract 604,15.324180063781709,True
24005401302,7961245.74,1217389.32,24005,Census Tract 4013.02,15.291442567630126,False
24033801217,79318873.61999999,12085650.36,24033,Census Tract 8012.17,15.236790196870173,False
24017850712,60530112.72,9194654.7,24017,Census Tract 8507.12,15.190215723754891,False
24510160200,39081157.92,5934712.14,24510,Census Tract 1602,15.18560978195295,True
24510250203,61783871.94,9370739.7,24510,Census Tract 2502.03,15.16696737475466,True
24045000300,52657404.660000004,7954983.539999999,24045,Census Tract 3,15.107055866813011,False
24003702300,124229463.12,18751078.08,24003,Census Tract 7023,15.09390575236352,False
24510060200,65011581.18,9804944.52,24510,Census Tract 602,15.081842868661635,True
24510260605,250054720.01999998,37712503.08,24510,Census Tract 2606.05,15.081700148265012,True
24033802201,107673645.24,16193906.82,24033,Census Tract 8022.01,15.039805501062464,False
24005441101,16742452.86,2516787.0,24005,Census Tract 4411.01,15.032367246575602,False
24019970804,8076059.46,1211355.1800000002,24019,Census Tract 9708.04,14.99933458885158,False
24005430104,38565094.68,5774631.659999999,24005,Census Tract 4301.04,14.973726132182282,False
24510080102,43931810.16,6575415.84,24510,Census Tract 801.02,14.967322803345194,True
24510200800,44382858.660000004,6637483.4399999995,24510,Census Tract 2008,14.955060670713452,True
24031703100,67089967.56,10031558.04,24031,Census Tract 7031,14.952396617316234,False
24025303602,4117653.54,614728.8,24025,Census Tract 3036.02,14.929104501589515,False
24031702401,9221281.02,1375371.9,24031,Census Tract 7024.01,14.915193420707615,False
24003730514,12356725.5,1842088.5,24003,Census Tract 7305.14,14.907578063460258,False
24005451801,12272255.1,1826083.98,24005,Census Tract 4518.01,14.879775274554063,False
24027605404,53587015.019999996,7940817.359999999,24027,Census Tract 6054.04,14.818547659421393,False
24510150701,56885059.98,8375524.919999999,24510,Census Tract 1507.01,14.723593370464439,True
24510200701,41527644.480000004,6092451.54,24510,Census Tract 2007.01,14.670833408175044,True
24510250205,158628231.72,23265838.26,24510,Census Tract 2502.05,14.666896306999949,True
24003706303,40056110.64,5868708.3,24003,Census Tract 7063.03,14.651218518803253,False
24005452300,43663937.94,6385424.22,24005,Census Tract 4523,14.624022754828971,False
24031700611,4170393.3600000003,608694.66,24031,Census Tract 7006.11,14.59561742636191,False
24043000301,49210505.82,7176238.02,24043,Census Tract 3.01,14.582735739902622,False
24510250301,98080387.02,14295784.860000001,24510,Census Tract 2503.01,14.575579577479528,True
24017851004,190134882.0,27687136.68,24017,Census Tract 8510.04,14.56183967337461,False
24005404201,20990778.48,3043473.3000000003,24005,Census Tract 4042.01,14.499096843405876,False
24013509001,63719843.04,9200688.84,24013,Census Tract 5090.01,14.43928359055167,False
24510280102,138387601.8,19946826.9,24510,Census Tract 2801.02,14.413738398926425,True
24031702800,37924503.12,5442132.78,24031,Census Tract 7028,14.349911883565373,False
24021775600,8502487.56,1217389.32,24021,Census Tract 7756,14.318037061614941,False
24005490302,72780797.88,10340006.04,24005,Census Tract 4903.02,14.207052328621709,False
24031700721,1197231.8399999999,170050.86,24031,Census Tract 7007.21,14.203670026016015,False
24031706009,32736787.02,4647382.739999999,24031,Census Tract 7060.09,14.196209106167803,False
24033804802,13542001.2,1921998.96,24033,Census Tract 8048.02,14.192872468509307,False
24015030503,225736756.56,32029609.5,24015,Census Tract 305.03,14.188920753579911,False
24510180300,28279836.9,4012210.4400000004,24510,Census Tract 1803,14.187530338974483,True
24005451300,46282577.04,6559411.319999998,24005,Census Tract 4513,14.172528280633525,False
24510060100,46963714.13999999,6643517.579999999,24510,Census Tract 601,14.146065109321441,True
24017850906,58600717.559999995,8281448.279999999,24017,Census Tract 8509.06,14.131991253384918,False
24033806714,18448797.78,2598795.3600000003,24033,Census Tract 8067.14,14.086529599328722,False
24003702209,46223020.62,6485534.999999999,24003,Census Tract 7022.09,14.03096317161455,False
24031703902,22446961.740000002,3139388.2800000003,24031,Census Tract 7039.02,13.985804922568553,False
24031703213,20093746.68,2805051.06,24031,Census Tract 7032.13,13.959820956596234,False
24033801310,102016444.32,14195674.08,24033,Census Tract 8013.10,13.915084155914837,False
24033801404,186595858.26,25932847.5,24033,Census Tract 8014.04,13.897868763981643,False
24043011100,133764361.92,18559386.72,24043,Census Tract 111,13.87468713908997,False
24045000200,82207185.48,11405203.74,24045,Census Tract 2,13.873730956005963,False
24025301703,139963536.72,19359772.74,24025,Census Tract 3017.03,13.832011675104804,False
24033807304,37529181.9,5174069.039999999,24033,Census Tract 8073.04,13.786788781558808,False
24031704501,46765696.32,6395394.6,24031,Census Tract 7045.01,13.675396932483865,False
24031704806,22431278.52,3055541.58,24031,Census Tract 7048.06,13.621789668723707,False
24031703000,46946644.92,6379390.079999999,24031,Census Tract 7030,13.588596354160932,False
24510260303,34333821.9,4657353.119999999,24510,Census Tract 2603.03,13.56491314472625,True
24031700309,94907209.32,12864681.9,24031,Census Tract 7003.09,13.555010195931448,False
24027602600,116372182.5,15772168.440000001,24027,Census Tract 6026,13.553211859715704,False
24510272007,25291278.18,3423716.1,24510,Census Tract 2720.07,13.537141443121797,True
24003740501,80502483.6,10896248.16,24003,Census Tract 7405.01,13.535294406743,False
24033801704,42916321.98,5794572.419999999,24033,Census Tract 8017.04,13.502024760417271,False
24005411102,119196068.03999999,16037762.58,24005,Census Tract 4111.02,13.454942636713506,False
24033802104,39158174.16,5256077.399999999,24033,Census Tract 8021.04,13.422682524787055,False
24017850102,111281376.78,14894509.14,24017,Census Tract 8501.02,13.384547865044844,False
24031701218,49498919.82,6609167.46,24031,Census Tract 7012.18,13.352144822622112,False
24033803509,50479082.63999999,6731560.079999999,24033,Census Tract 8035.09,13.335345509361261,False
24510240100,82351738.97999999,10960768.979999999,24510,Census Tract 2401,13.309699486324071,True
24003701302,35666208.9,4745395.619999999,24003,Census Tract 7013.02,13.305018297024553,False
24015031400,43421922.18,5770695.42,24015,Census Tract 314,13.289820280360514,False
24033807102,27550468.259999998,3656104.2,24033,Census Tract 8071.02,13.270570087943762,False
24005408507,23918457.779999997,3153294.9000000004,24005,Census Tract 4085.07,13.18352098201208,False
24031700732,44462001.78,5858737.919999999,24031,Census Tract 7007.32,13.176954895079398,False
24031701414,161672656.32,21252518.279999997,24031,Census Tract 7014.14,13.14540056664543,False
24005408506,18533613.42,2428744.5,24005,Census Tract 4085.06,13.104538467275313,False
24043000900,120841655.76,15794207.099999998,24043,Census Tract 9,13.070167733689779,False
24510272004,9956338.56,1299397.6800000002,24510,Census Tract 2720.04,13.050959167061512,True
24510210100,93336456.78,12095647.2,24510,Census Tract 2101,12.959188314283468,True
24005440600,59643852.66,7710796.8,24005,Census Tract 4406,12.928066273577976,False
24015030507,41475103.74,5351992.379999999,24015,Census Tract 305.07,12.904108482888146,False
24003740107,89579720.16,11541147.66,24003,Census Tract 7401.07,12.883661211919554,False
24031704805,4732323.12,608694.66,24031,Census Tract 7048.05,12.862491519809831,False
24033800109,19013623.02,2434778.64,24033,Census Tract 8001.09,12.805442905010326,False
24003750804,80983434.42,10295685.54,24003,Census Tract 7508.04,12.713322932939645,False
24510270703,15087423.959999999,1914126.48,24510,Census Tract 2707.03,12.686900593996432,True
24023000502,35997829.56,4553306.1,24023,Census Tract 5.02,12.648835098268073,False
24003707002,45884097.0,5776729.56,24003,Census Tract 7070.02,12.589829456598002,False
24025301301,256257920.51999998,32210531.64,24025,Census Tract 3013.01,12.569575049480699,False
24027602305,1306186.56,164016.72,24027,Census Tract 6023.05,12.556913768887654,False
24035810700,41347206.18,5178005.279999999,24035,Census Tract 8107,12.523228915294029,False
24013507703,36418604.04,4559340.239999999,24013,Census Tract 5077.03,12.51926140549565,False
24005430300,79456299.3,9947277.899999999,24005,Census Tract 4303,12.519180968197947,False
24037875100,228460552.73999998,28588534.38,24037,Census Tract 8751,12.513553888025143,False
24031706011,5570690.58,696737.16,24031,Census Tract 7060.11,12.507195472343035,False
24013506102,36434158.74,4553306.1,24013,Census Tract 5061.02,12.497354838060408,False
24031701307,41533519.86,5168034.899999999,24031,Census Tract 7013.07,12.443045803534744,False
24009861003,51385117.14,6385424.22,24009,Census Tract 8610.03,12.426602439384844,False
24033805904,76758683.4,9472688.819999998,24033,Census Tract 8059.04,12.340869332836938,False
24510280404,20544322.68,2516787.0,24510,Census Tract 2804.04,12.250523121164294,True
24017850710,11370563.82,1391376.4200000002,24017,Census Tract 8507.10,12.236652834687668,False
24047950900,95702126.94,11673510.66,24047,Census Tract 9509,12.197754671971557,False
24003751000,59154073.019999996,7180174.260000001,24003,Census Tract 7510,12.138089388320537,False
24003730401,57761405.1,7004089.26,24003,Census Tract 7304.01,12.125898336223125,False
24031700822,5375002.5,646737.8400000001,24031,Census Tract 7008.22,12.032326310545903,False
24033802301,43913514.96,5279954.399999999,24033,Census Tract 8023.01,12.023529441470151,False
24510080500,42598042.199999996,5121616.5,24510,Census Tract 805,12.023126499461519,True
24031700839,66280149.18,7954983.539999999,24031,Census Tract 7008.39,12.002060403328741,False
24005421200,5170559.94,618665.04,24005,Census Tract 4212,11.965145887081622,False
24033807407,50741494.019999996,6052925.34,24033,Census Tract 8074.07,11.928945839896262,False
24031700710,50676485.58,6028788.779999999,24031,Census Tract 7007.10,11.896619726091114,False
24005490800,16923236.4,2002168.98,24005,Census Tract 4908,11.830887028204605,False
24510271101,5809519.8,684668.88,24510,Census Tract 2711.01,11.785292133783587,True
24031704000,86677626.42,10205545.14,24031,Census Tract 7040,11.774140065336598,False
24005490701,5202975.96,608694.66,24005,Census Tract 4907.01,11.698971217233916,False
24031703222,18199181.7,2124058.8600000003,24031,Census Tract 7032.22,11.67117783103402,False
24003730510,15692704.02,1826083.98,24003,Census Tract 7305.10,11.636515782574481,False
24001001502,49646598.12,5776729.56,24001,Census Tract 15.02,11.635700689979119,False
24005402511,11229218.280000001,1305431.82,24005,Census Tract 4025.11,11.625313422974978,False
24021752206,110388485.33999999,12776882.58,24021,Census Tract 7522.06,11.574470417495812,False
24027606607,5259282.84,608694.66,24027,Census Tract 6066.07,11.573719811577961,False
24005401101,108017476.56,12446222.04,24005,Census Tract 4011.01,11.522415109453654,False
24031702604,19589551.38,2254228.2,24031,Census Tract 7026.04,11.507298744479979,False
24017850709,97313997.06,11185127.1,24017,Census Tract 8507.09,11.493852310992517,False
24001001100,5309120.88,608694.66,24001,Census Tract 11,11.465074421134672,False
24033800103,101726338.14,11612926.08,24033,Census Tract 8001.03,11.41584990901551,False
24035810901,45501530.76,5186137.32,24035,Census Tract 8109.01,11.397720545610937,False
24025301601,51499827.54,5868708.299999999,24025,Census Tract 3016.01,11.39558825792526,False
24045000500,32693698.8,3722108.04,24045,Census Tract 5,11.384787211656823,False
24031701304,6262372.62,712741.68,24031,Census Tract 7013.04,11.381336168399383,False
24021752601,6986291.76,792652.14,24021,Census Tract 7526.01,11.34582074768661,False
24005491600,50899358.16,5770695.419999999,24005,Census Tract 4916,11.337462059659101,False
24043000500,56400782.76,6390955.62,24043,Census Tract 5,11.331324331428481,False
24003740703,5398836.66,608694.66,24003,Census Tract 7407.03,11.274552247705897,False
24031703201,45860541.3,5145493.5,24031,Census Tract 7032.01,11.21987083916081,False
24003731209,160160423.22,17953986.96,24003,Census Tract 7312.09,11.210002195946995,False
24003706404,46464771.78,5187975.659999999,24003,Census Tract 7064.04,11.1653957638356,False
24033802203,51801465.239999995,5782234.499999999,24033,Census Tract 8022.03,11.162299122641572,False
24005401504,63528583.86,7086097.62,24005,Census Tract 4015.04,11.154187909517805,False
24021751701,46632326.58,5174069.04,24021,Census Tract 7517.01,11.095455490781992,False
24017850904,94818553.2,10516091.04,24017,Census Tract 8509.04,11.090752479441965,False
24043001001,142450930.44,15772168.439999998,24043,Census Tract 10.01,11.072000998016085,False
24017850101,47027065.68,5200043.9399999995,24017,Census Tract 8501.01,11.057555611451876,False
24037876101,82662773.76,9124714.62,24037,Census Tract 8761.01,11.038481053747788,False
24033801908,98786721.6,10898060.040000001,24033,Census Tract 8019.08,11.031907794377094,False
24003740204,48613795.02,5344119.899999999,24003,Census Tract 7402.04,10.993011135628059,False
24021775400,6400866.78,702771.3,24021,Census Tract 7754,10.979314585891132,False
24005490605,39826876.32,4368845.88,24005,Census Tract 4906.05,10.969592103827841,False
24005402604,33387013.8,3654006.3,24005,Census Tract 4026.04,10.944393894850219,False
24013511000,42020082.72,4559340.239999999,24013,Census Tract 5110,10.85038378049152,False
24033806400,16819275.06,1820049.84,24033,Census Tract 8064,10.821214550016403,False
24045000100,89315939.16,9516940.02,24045,Census Tract 1,10.655365782977901,False
24005400600,12174824.34,1293363.54,24005,Census Tract 4006,10.623262429755927,False
24033806710,145841871.42,15485101.379999999,24033,Census Tract 8067.10,10.617733596825236,False
24005450503,48983891.04,5171971.14,24005,Census Tract 4505.03,10.558514299683939,False
24031701422,18244445.94,1924096.86,24031,Census Tract 7014.22,10.546206041705643,False
24033805101,36660071.699999996,3856066.2,24033,Census Tract 8051.01,10.518436056413934,False
24031704502,5845248.36,614728.8,24031,Census Tract 7045.02,10.516726786267814,False
24003751200,332070574.5,34907070.239999995,24003,Census Tract 7512,10.511943219467643,False
24031700810,19104732.36,2008203.12,24031,Census Tract 7008.10,10.511548040341141,False
24005401102,156689520.12,16408935.9,24005,Census Tract 4011.02,10.472261251060878,False
24031701506,44119839.96,4569310.619999999,24031,Census Tract 7015.06,10.356589289858338,False
24021750508,18655257.6,1926194.7600000002,24021,Census Tract 7505.08,10.325211269127692,False
24005420302,5977637.82,614728.8,24005,Census Tract 4203.02,10.28380806115818,False
24031703209,25590554.64,2626868.16,24031,Census Tract 7032.09,10.264991114706062,False
24005492102,36155920.5,3674206.62,24005,Census Tract 4921.02,10.162116104885229,False
24033807408,235801872.18,23929083.36,24033,Census Tract 8074.08,10.147961565688362,False
24031700614,56947093.56,5776729.559999999,24031,Census Tract 7006.14,10.144028779824525,False
24031700724,36120950.46,3658202.1,24031,Census Tract 7007.24,10.127646292284192,False
24031703208,6020466.48,608694.66,24031,Census Tract 7032.08,10.110423536483172,False
24005450400,37843422.12,3822218.8200000003,24005,Census Tract 4504,10.100087692597924,False
24510280200,153897792.29999998,15543630.899999999,24510,Census Tract 2802,10.09997003056424,True
24043001002,52209569.16,5256077.399999999,24043,Census Tract 10.02,10.067268289252437,False
24005403100,6050430.54,608694.66,24005,Census Tract 4031,10.060352829040163,False
24027601204,70567083.72,7064058.959999999,24027,Census Tract 6012.04,10.010416454262394,False
24033803521,111222024.47999999,11048811.479999999,24033,Census Tract 8035.21,9.93401399736866,False
24031703901,66331540.8,6579611.64,24031,Census Tract 7039.01,9.919280572478426,False
24005491402,31735720.799999997,3143584.08,24005,Census Tract 4914.02,9.905507109200432,False
24033800605,53030742.66,5250043.26,24033,Census Tract 8006.05,9.899999503420117,False
24027602202,19309308.48,1908092.34,24027,Census Tract 6022.02,9.881722807299623,False
24031700604,65037101.22,6395394.6,24031,Census Tract 7006.04,9.833455796817262,False
24005403202,19811373.12,1934067.2400000002,24005,Census Tract 4032.02,9.762408836000965,False
24031701900,13869982.979999999,1345313.34,24031,Census Tract 7019,9.699459198615399,False
24003730901,13485178.98,1299397.6800000002,24003,Census Tract 7309.01,9.635746636564107,False
24043010600,94672752.3,9118680.479999999,24043,Census Tract 106,9.631789779497094,False
24510261100,2872798.7399999998,276195.78,24510,Census Tract 2611,9.614170883408285,True
24029950300,62127933.84,5940746.279999999,24029,Census Tract 9503,9.562117895791268,False
24033800514,12844778.94,1227359.7000000002,24033,Census Tract 8005.14,9.555319758582005,False
24510150900,38351573.82,3652167.9600000004,24510,Census Tract 1509,9.522863330566706,True
24003731307,81165188.16,7704762.659999999,24003,Census Tract 7313.07,9.49269364695082,False
24510270600,20308102.92,1924096.86,24510,Census Tract 2706,9.474527815717805,True
24005401507,106653636.17999999,10071413.1,24005,Census Tract 4015.07,9.443103358428788,False
24027602100,54677009.519999996,5162000.76,24027,Census Tract 6021,9.440898112966147,False
24033800520,17702926.92,1665474.3,24033,Census Tract 8005.20,9.407903605580719,False
24033804600,20521339.02,1902058.2000000002,24033,Census Tract 8046,9.268684651358585,False
24033803602,64331542.8,5946780.42,24033,Census Tract 8036.02,9.243957413687271,False
24045010504,57020943.42,5262111.539999999,24045,Census Tract 105.04,9.228383861068005,False
24510272006,28002902.76,2580692.94,24510,Census Tract 2720.06,9.215805097485543,True
24031702102,40758132.239999995,3754117.08,24031,Census Tract 7021.02,9.210719122000672,False
24015030501,50309092.26,4559340.239999999,24015,Census Tract 305.01,9.062656540167914,False
24025304202,70403220.72,6373355.9399999995,24025,Census Tract 3042.02,9.05264826640164,False
24037875903,23891769.72,2160151.56,24037,Census Tract 8759.03,9.041404572854724,False
24031705902,20447123.759999998,1848122.6400000001,24031,Census Tract 7059.02,9.038545771486053,False
24027602302,73026676.8,6593518.259999999,24027,Census Tract 6023.02,9.028917306558853,False
24001001401,111268741.5,10021673.34,24001,Census Tract 14.01,9.0067283990985,False
24031700306,20399265.18,1836054.36,24031,Census Tract 7003.06,9.000590677158891,False
24005403601,50769079.199999996,4559340.239999999,24005,Census Tract 4036.01,8.980545465555736,False
24031701316,79715316.24,7158135.6,24031,Census Tract 7013.16,8.979623913739367,False
24003702208,27231665.580000002,2440812.7800000003,24003,Census Tract 7022.08,8.963141724950635,False
24005402602,16356072.6,1463414.4,24005,Census Tract 4026.02,8.947223675199387,False
24005404102,123472419.83999999,11038841.1,24005,Census Tract 4041.02,8.940329438999031,False
24033800412,20503671.3,1826083.98,24033,Census Tract 8004.12,8.906131752121874,False
24003730204,8893265.22,788715.9,24003,Census Tract 7302.04,8.868687489790167,False
24031701215,15713344.08,1393474.32,24031,Census Tract 7012.15,8.868095250161415,False
24003731306,20739558.419999998,1838152.2600000002,24003,Census Tract 7313.06,8.863025059527764,False
24033800409,16731572.76,1475482.6800000002,24033,Census Tract 8004.09,8.818553408962376,False
24033803606,94864274.82,8359372.9799999995,24033,Census Tract 8036.06,8.811929460127612,False
24031703215,21865315.5,1918062.72,24031,Census Tract 7032.15,8.772170335250822,False
24021751702,53600105.16,4641348.6,24021,Census Tract 7517.02,8.659215473822774,False
24510090600,15094264.5,1305431.82,24510,Census Tract 906,8.648528850147022,True
24033803526,59968823.04,5174069.04,24033,Census Tract 8035.26,8.627931611312144,False
24033806706,121193644.32,10428048.54,24033,Census Tract 8067.06,8.604451659581878,False
24510130200,21099298.5,1814015.7000000002,24510,Census Tract 1302,8.597516642555677,True
24510190100,51289082.46,4406776.92,24510,Census Tract 1901,8.592036957254626,True
24033800403,28636715.52,2446587.3600000003,24033,Census Tract 8004.03,8.543533417061372,False
24005402307,93362637.06,7964953.92,24005,Census Tract 4023.07,8.5312006717219,False
24033803610,17475412.5,1481516.82,24033,Census Tract 8036.10,8.47772159884638,False
24027606907,62161493.94,5262111.539999999,24027,Census Tract 6069.07,8.465226953971111,False
24031701704,23627964.78,2000071.08,24031,Census Tract 7017.04,8.464847051460689,False
24037875906,61059613.86,5168034.899999999,24037,Census Tract 8759.06,8.46391677459586,False
24005408800,63224663.04,5344119.899999999,24005,Census Tract 4088,8.452587397134824,False
24013512000,8191915.2,690703.02,24013,Census Tract 5120,8.431520629022137,False
24003740704,149318811.18,12514323.78,24003,Census Tract 7407.04,8.380942549103409,False
24003730606,22020185.88,1838152.2600000002,24003,Census Tract 7306.06,8.347578308453409,False
24005430900,119685240.36,9989404.739999998,24005,Census Tract 4309,8.346396523040745,False
24037875700,61990404.839999996,5168034.899999999,24037,Census Tract 8757,8.336830374537685,False
24021752303,55027790.99999999,4577442.659999999,24021,Census Tract 7523.03,8.318419796280756,False
24027601203,116823960.53999999,9712965.78,24027,Census Tract 6012.03,8.314189773316514,False
24021750505,45385735.5,3752278.74,24021,Census Tract 7505.05,8.267528770135277,False
24013504202,55399746.779999994,4565374.38,24013,Census Tract 5042.02,8.240785644977276,False
24033801003,196523332.73999998,16176705.299999997,24033,Census Tract 8010.03,8.231442584683698,False
24510271600,24873494.939999998,2032080.12,24510,Census Tract 2716,8.169660616257573,True
24005406000,56928090.239999995,4601319.659999999,24005,Census Tract 4060,8.08268754599276,False
24031700400,64284782.94,5168034.899999999,24031,Census Tract 7004,8.039281869900018,False
24005491300,33960864.42,2714651.1,24005,Census Tract 4913,7.993468795220966,False
24001002300,38224002.599999994,3047409.54,24001,Census Tract 23,7.972502440129073,False
24033800701,187041071.7,14889375.899999999,24033,Census Tract 8007.01,7.960484702462277,False
24025301108,7654755.78,608694.66,24025,Census Tract 3011.08,7.951849510213897,False
24031703404,31965659.46,2538825.66,24031,Census Tract 7034.04,7.94235345958353,False
24031700104,15358409.64,1217389.32,24031,Census Tract 7001.04,7.926532424486107,False
24005441000,23259710.88,1826083.98,24005,Census Tract 4410,7.850845564766539,False
24033800402,35555893.38,2786948.64,24033,Census Tract 8004.02,7.838218576635859,False
24027606804,15538763.52,1217389.32,24027,Census Tract 6068.04,7.83453148272122,False
24003701103,23596542.9,1842088.5,24003,Census Tract 7011.03,7.806603313911718,False
24033801213,66343567.49999999,5171971.14,24033,Census Tract 8012.13,7.795738659968806,False
24029950200,66234310.379999995,5162000.759999999,24029,Census Tract 9502,7.793544962398685,False
24510250600,83241850.86,6471368.819999999,24510,Census Tract 2506,7.774176995275906,True
24003750300,75984490.26,5874742.4399999995,24003,Census Tract 7503,7.7315020735127575,False
24003731303,23748977.7,1826083.98,24003,Census Tract 7313.03,7.689105624112822,False
24025301106,7932235.5,608694.66,24025,Census Tract 3011.06,7.673683667107463,False
24003702500,117117558.18,8912181.6,24003,Census Tract 7025,7.609603323784051,False
24025303101,71823117.24,5432162.399999999,24025,Census Tract 3031.01,7.563250675751372,False
24031704300,18349644.6,1387440.1800000002,24031,Census Tract 7043,7.561128350137093,False
24005451402,24606586.62,1849960.98,24005,Census Tract 4514.02,7.518153608905549,False
24033802600,16253404.02,1217389.32,24033,Census Tract 8026,7.490057581181078,False
24015030908,252858261.6,18928063.979999997,24015,Census Tract 309.08,7.4856419008142066,False
24510270902,42173444.88,3147260.76,24510,Census Tract 2709.02,7.4626599011657495,True
24021752201,61256519.1,4565374.38,24021,Census Tract 7522.01,7.452879215267065,False
24005451600,69363253.25999999,5168034.899999999,24005,Census Tract 4516,7.450681242744237,False
24005490100,80048283.84,5952814.56,24005,Census Tract 4901,7.436529897253572,False
24037875300,69779678.22,5155966.619999999,24037,Census Tract 8753,7.388922894921311,False
24005491900,58969843.38,4340773.08,24005,Census Tract 4919,7.361004932687681,False
24003701104,71762638.5,5272081.919999999,24003,Census Tract 7011.04,7.346555297015729,False
24031701210,8204537.879999999,602660.52,24031,Census Tract 7012.10,7.345453562583833,False
24005451701,107365493.34,7882945.5600000005,24005,Census Tract 4517.01,7.342159305352101,False
24031703701,42838805.519999996,3135452.04,24031,Census Tract 7037.01,7.319186429080435,False
24005404402,16733053.259999998,1217389.32,24005,Census Tract 4044.02,7.275356751000984,False
24025303501,47025897.660000004,3399579.54,24025,Census Tract 3035.01,7.22916458624386,False
24033803513,10797067.26,778745.52,24033,Census Tract 8035.13,7.212565238757251,False
24027601105,71928444.42,5178005.279999999,24027,Census Tract 6011.05,7.198828393625365,False
24033802804,143836882.56,10333971.899999999,24033,Census Tract 8028.04,7.184507697939917,False
24013507500,65413731.599999994,4673357.64,24013,Census Tract 5075,7.144306746750402,False
24039930500,72427931.1,5155966.619999999,24039,Census Tract 9305,7.11875452148598,False
24015030903,108326724.66,7688758.14,24015,Census Tract 309.03,7.0977481910695115,False
24005411306,39767260.68,2804791.5,24005,Census Tract 4113.06,7.053016607227873,False
24013506200,65107234.08,4579280.999999999,24013,Census Tract 5062,7.03344423197773,False
24031701303,17316084.24,1217389.32,24031,Census Tract 7013.03,7.030396151503131,False
24031700818,27282958.919999998,1914126.48,24031,Census Tract 7008.18,7.015831697773931,False
24033806100,29233603.979999997,2036016.36,24033,Census Tract 8061,6.964643707265546,False
24037875601,75472460.28,5256077.399999999,24037,Census Tract 8756.01,6.9642322252383835,False
24005451802,85577481.36,5958848.699999999,24005,Census Tract 4518.02,6.963103617098552,False
24009860103,85245909.83999999,5876840.34,24009,Census Tract 8601.03,6.8939851202601705,False
24510110100,181460022.66,12497816.52,24510,Census Tract 1101,6.887366339315986,True
24005441102,110288597.58,7588647.359999999,24005,Census Tract 4411.02,6.880717976756777,False
24510080400,17770940.459999997,1217389.32,24510,Census Tract 804,6.850449601922757,True
24031700706,65082099.6,4449015.9,24031,Census Tract 7007.06,6.836005487444355,False
24003730509,17828456.939999998,1217389.32,24003,Census Tract 7305.09,6.828349329933655,False
24001000100,84824666.64,5776729.56,24001,Census Tract 1,6.810200132606145,False
24003740108,97101235.98,6595356.6,24003,Census Tract 7401.08,6.79224783643171,False
24005492401,17949645.0,1217389.32,24005,Census Tract 4924.01,6.782247336925048,False
24005420500,46679930.64,3165363.18,24005,Census Tract 4205,6.780993751707939,False
24510010200,14340513.599999998,966639.24,24510,Census Tract 102,6.74061799292879,True
24005491701,30879623.88,2078143.2000000002,24005,Census Tract 4917.01,6.729820311529003,False
24037876102,69022167.47999999,4579280.999999999,24037,Census Tract 8761.02,6.634507676576371,False
24005411413,9140071.5,602660.52,24005,Census Tract 4114.13,6.5936083760395094,False
24510160802,46017365.94,3031405.02,24510,Census Tract 1608.02,6.587523988123341,True
24045010703,60935879.339999996,3976377.3000000003,24045,Census Tract 107.03,6.525510656559601,False
24001000800,9420628.14,612630.9,24001,Census Tract 8,6.503079103597862,False
24005411408,40396077.54,2604829.5,24005,Census Tract 4114.08,6.448223834159914,False
24005411302,188647779.6,12144051.36,24005,Census Tract 4113.02,6.43742077736069,False
24031701221,9484159.86,608694.66,24031,Census Tract 7012.21,6.418013498140256,False
24021751203,28926514.26,1820049.84,24021,Census Tract 7512.03,6.291977746232601,False
24005450200,93874137.84,5858737.919999999,24005,Census Tract 4502,6.241056434505624,False
24037875202,82923673.14,5168034.899999999,24037,Census Tract 8752.02,6.232279280821061,False
24045010200,69923421.53999999,4330802.7,24045,Census Tract 102,6.193636702292301,False
24025303605,30909254.04,1914126.48,24025,Census Tract 3036.05,6.192729457407507,False
24005402506,29462566.139999997,1820049.84,24005,Census Tract 4025.06,6.177499377859692,False
24033807301,103372177.86,6379390.079999999,24033,Census Tract 8073.01,6.171283426610007,False
24027606606,19833956.1,1217389.32,24027,Census Tract 6066.06,6.137904681557704,False
24003740104,19873682.64,1217389.32,24003,Census Tract 7401.04,6.125635303996179,False
24035810300,233124320.51999998,14201708.22,24035,Census Tract 8103,6.0919033193628636,False
24033805602,1773538.2,107983.26000000001,24033,Census Tract 8056.02,6.08857818794092,False
24037875400,108080151.47999999,6549440.9399999995,24037,Census Tract 8754,6.059799926549845,False
24031701415,50360478.839999996,3025370.88,24031,Census Tract 7014.15,6.007430726804424,False
24037876004,114738719.76,6835607.1,24037,Census Tract 8760.04,5.957541721136596,False
24041960201,32354062.02,1924096.86,24041,Census Tract 9602.01,5.947002446897084,False
24025306100,32748604.56,1926194.7600000002,24025,Census Tract 3061,5.881761332672797,False
24001002000,77563921.67999999,4559340.239999999,24001,Census Tract 20,5.878171373038806,False
24033803002,20639474.1,1211355.1800000002,24033,Census Tract 8030.02,5.869118438439282,False
24025302200,78120647.64,4583476.8,24025,Census Tract 3022,5.867177165660272,False
24045010501,88146651.60000001,5168034.899999999,24045,Census Tract 105.01,5.8629962751755835,False
24031700615,1403037.72,82008.36,24031,Census Tract 7006.15,5.845057394465489,False
24005411404,22144909.5,1293363.54,24005,Census Tract 4114.04,5.840455297412708,False
24033800515,22671035.1,1315402.2000000002,24033,Census Tract 8005.15,5.802126785115339,False
24005400400,53781301.98,3119447.52,24005,Census Tract 4004,5.800245448055626,False
24033801407,31640656.32,1832118.12,24033,Census Tract 8014.07,5.790392277172587,False
24031701001,38065865.04,2174058.1799999997,24031,Census Tract 7010.01,5.7113063835945335,False
24005402201,79901260.74,4559340.239999999,24005,Census Tract 4022.01,5.706218146965374,False
24027606704,27704313.0,1567461.42,24027,Census Tract 6067.04,5.657824541615596,False
24005452000,33840072.0,1908092.34,24005,Census Tract 4520,5.638558747747346,False
24033805000,40352659.199999996,2274168.96,24033,Census Tract 8050,5.63573505460577,False
24025302400,114135415.38,6423467.399999999,24025,Census Tract 3024,5.627935359602316,False
24031700711,59160114.72,3301566.66,24031,Census Tract 7007.11,5.58073065886712,False
24031703502,11011887.179999998,608694.66,24031,Census Tract 7035.02,5.527614386619607,False
24033803605,94926574.25999999,5244009.119999999,24033,Census Tract 8036.05,5.524279329449806,False
24021765100,49238429.94,2710974.42,24021,Census Tract 7651,5.505810041675752,False
24031700728,49287440.160000004,2708876.52,24031,Census Tract 7007.28,5.496078739748451,False
24005420702,12804004.08,700673.4,24005,Census Tract 4207.02,5.472299099735994,False
24033803801,30510808.019999996,1663635.96,24033,Census Tract 8038.01,5.452611936430782,False
24005491100,11285372.7,608694.66,24005,Census Tract 4911,5.393660237734108,False
24033803524,27522481.139999997,1469448.54,24033,Census Tract 8035.24,5.339084556095367,False
24031700310,11628022.14,618665.04,24031,Census Tract 7003.10,5.32046664988548,False
24005403704,70728769.44,3728142.18,24005,Census Tract 4037.04,5.27104063808522,False
24033800408,48140419.32,2522821.14,24033,Census Tract 8004.08,5.240546666679927,False
24033801214,36965528.46,1936165.1400000001,24033,Census Tract 8012.14,5.237758583906364,False
24005400500,13417379.639999999,696737.16,24005,Census Tract 4005,5.192796050302412,False
24015030602,23597859.599999998,1217389.32,24015,Census Tract 306.02,5.158897207778963,False
24005404600,88574005.8,4559340.239999999,24005,Census Tract 4046,5.1474924260453845,False
24003750900,146822723.46,7544326.86,24003,Census Tract 7509,5.138391852576795,False
24043011700,114505147.25999999,5840635.5,24043,Census Tract 117,5.1007624021809415,False
24037875602,129276628.74,6585645.78,24037,Census Tract 8756.02,5.094227660627655,False
24005440702,47873032.199999996,2438714.88,24005,Census Tract 4407.02,5.0941308037722335,False
24025303801,37668497.58,1914126.48,24025,Census Tract 3038.01,5.081504713414163,False
24027603004,101981389.85999998,5162000.76,24027,Census Tract 6030.04,5.0617085794637555,False
24019970702,53433515.519999996,2696808.24,24019,Census Tract 9707.02,5.047035018668374,False
24027604001,182960642.34,9118680.479999999,24027,Census Tract 6040.01,4.983957403830352,False
24031703221,15920624.16,784779.66,24031,Census Tract 7032.21,4.929327218035401,False
24510150702,26516054.88,1305431.82,24510,Census Tract 1507.02,4.923175132604794,True
24009861100,92784167.28,4559340.239999999,24009,Census Tract 8611,4.913920525083792,False
24031700729,24935135.4,1217389.32,24031,Census Tract 7007.29,4.882224621888358,False
24003740203,25025919.66,1217389.32,24003,Census Tract 7402.03,4.864513818230646,False
24033801004,330905912.4,16093796.040000001,24033,Census Tract 8010.04,4.863556508638557,False
24031703501,42095469.78,1996134.84,24031,Census Tract 7035.01,4.741923181834603,False
24003740502,12847266.18,608694.66,24003,Census Tract 7405.02,4.737931412580104,False
24003730511,38556517.86,1826083.98,24003,Census Tract 7305.11,4.736122661881894,False
24003751600,98285852.7,4647382.739999999,24003,Census Tract 7516,4.728435082295419,False
24017850706,122792628.41999999,5802704.46,24017,Census Tract 8507.06,4.725613039369453,False
24510270801,14682480.12,690703.02,24510,Census Tract 2708.01,4.704266679436172,True
24047951500,43009540.56,2022109.7400000002,24047,Census Tract 9515,4.701537644139857,False
24009860701,140824426.68,6609782.339999999,24009,Census Tract 8607.01,4.693633409933652,False
24031700726,13020255.36,608694.66,24031,Census Tract 7007.26,4.6749825035689625,False
24033800607,27932244.479999997,1305431.82,24033,Census Tract 8006.07,4.673565781420513,False
24033803700,15389917.2,706707.54,24033,Census Tract 8037,4.5920165184514445,False
24510270102,28416119.759999998,1293363.54,24510,Census Tract 2701.02,4.551513545563689,True
24001001402,15551668.44,696737.16,24001,Census Tract 14.02,4.480144125294894,False
24510270903,87093253.8,3892158.9000000004,24510,Census Tract 2709.03,4.4689556655420315,True
24035810600,116999512.56,5168034.899999999,24035,Census Tract 8106,4.417142248648013,False
24031700204,13824413.819999998,608694.66,24031,Census Tract 7002.04,4.403041372498498,False
24005408900,41749957.62,1832118.12,24005,Census Tract 4089,4.388311328781656,False
24013503000,104676912.89999999,4559340.239999999,24013,Census Tract 5030,4.3556311642048815,False
24037876200,112013256.6,4875591.42,24037,Census Tract 8762,4.352691429560669,False
24031700836,14127927.659999998,608694.66,24031,Census Tract 7008.36,4.308449722059237,False
24003730206,20819520.54,892762.92,24003,Census Tract 7302.06,4.288105090051224,False
24011955302,16424213.4,696737.16,24011,Census Tract 9553.02,4.2421341164502895,False
24027601107,14389203.78,608694.66,24027,Census Tract 6011.07,4.230217802920017,False
24033803520,29027814.48,1223423.46,24033,Census Tract 8035.20,4.2146592222536485,False
24043011600,14322210.84,602660.52,24043,Census Tract 116,4.207873538049381,False
24031700316,33115645.08,1387440.1800000002,24031,Census Tract 7003.16,4.18968187588753,False
24031700903,44468654.58,1848122.6400000001,24031,Census Tract 7009.03,4.1560120436636785,False
24510250500,106338760.92,4356777.600000001,24510,Census Tract 2505,4.097073881909965,True
24003740601,16917364.8,690703.02,24003,Census Tract 7406.01,4.082805024101626,False
24005411202,30429691.740000002,1217389.32,24005,Census Tract 4112.02,4.000662676446817,False
24033805909,5312650.140000001,212030.28,24033,Census Tract 8059.09,3.9910454182476993,False
24033801906,15293368.44,608694.66,24033,Census Tract 8019.06,3.9801215957627187,False
24005408602,15297564.239999998,608694.66,24005,Census Tract 4086.02,3.9790299321534346,False
24510080800,32518755.36,1293363.54,24510,Census Tract 808,3.977284879700267,True
24031701002,32949623.7,1309368.06,24031,Census Tract 7010.02,3.97384829617948,False
24025302801,46412042.04,1836054.36,24025,Census Tract 3028.01,3.9559870225438587,False
24005420600,48519952.739999995,1915964.82,24005,Census Tract 4206,3.9488183969735666,False
24025303900,18630610.740000002,726648.3,24025,Census Tract 3039,3.900292428094603,False
24001002100,46759391.279999994,1820049.84,24001,Census Tract 21,3.8923728264582325,False
24005411309,49231144.62,1912028.58,24005,Census Tract 4113.09,3.883778438950299,False
24510090700,31390522.38,1211355.1800000002,24510,Census Tract 907,3.8589838210905243,True
24033800217,15838304.579999998,608694.66,24033,Census Tract 8002.17,3.843180669530981,False
24045010603,205801753.5,7882945.5600000005,24045,Census Tract 106.03,3.830358792351106,False
24013508103,34711748.82,1325372.58,24013,Census Tract 5081.03,3.81822473673915,False
24005408601,32568017.58,1223423.46,24005,Census Tract 4086.01,3.756518053316526,False
24027606805,16263171.54,608694.66,24027,Census Tract 6068.05,3.7427795587280634,False
24031700811,36989549.099999994,1381406.04,24031,Census Tract 7008.11,3.734584696519051,False
24033803100,18855207.0,700673.4,24033,Census Tract 8031,3.7160737614813777,False
24033803200,21443510.34,788715.9,24033,Census Tract 8032,3.6781100085500276,False
24005402510,18985073.94,696737.16,24005,Census Tract 4025.10,3.6699207082466594,False
24510020200,41014758.96,1493325.54,24510,Census Tract 202,3.6409467661540535,True
24003730513,17187007.32,624699.18,24003,Census Tract 7305.13,3.6347176001551853,False
24009860901,103016518.92,3740210.46,24009,Census Tract 8609.01,3.630690008953372,False
24021752301,33649714.98,1217389.32,24021,Census Tract 7523.01,3.61782951422788,False
24025306400,33757030.44,1217389.32,24025,Census Tract 3064,3.606328234836287,False
24027606808,33863098.5,1211355.18,24027,Census Tract 6068.08,3.5772130539088147,False
24510270803,71459264.52,2522821.14,24510,Census Tract 2708.03,3.5304325575502022,True
24031700105,57267897.12,2006105.2200000002,24031,Census Tract 7001.05,3.5030188305960976,False
24025302901,72838439.1,2524659.48,24025,Census Tract 3029.01,3.466108707428356,False
24031704100,35250762.95999999,1217389.32,24031,Census Tract 7041,3.4535119747093277,False
24013505207,18229300.74,628635.42,24013,Census Tract 5052.07,3.44848894077766,False
24005404404,79551423.0,2718846.9000000004,24005,Census Tract 4044.04,3.4177225214437716,False
24009860200,136779514.2,4647382.739999999,24009,Census Tract 8602,3.3977184135955936,False
24031701423,20687079.419999998,696737.16,24031,Census Tract 7014.23,3.3679822359380687,False
24037875000,54986575.14,1844186.4000000001,24037,Census Tract 8750,3.353884826077204,False
24015030700,60975491.22,2012139.36,24015,Census Tract 307,3.2999149654082935,False
24003740103,58471050.96,1914126.48,24003,Census Tract 7401.03,3.273631050875847,False
24510260401,43068469.5,1393474.32,24510,Census Tract 2604.01,3.2354860439143303,True
24003750400,78111311.03999999,2510752.8600000003,24003,Census Tract 7504,3.2143268709371293,False
24510130805,38121957.72,1223423.46,24510,Census Tract 1308.05,3.2092356562216975,True
24041960501,166545963.35999998,5344119.9,24041,Census Tract 9605.01,3.208795813590712,False
24003740800,202600732.32,6397492.5,24003,Census Tract 7408,3.157684785608479,False
24003980000,72522727.2,2282301.0,24003,Census Tract 9800,3.1470148574335464,False
24033807405,111789994.67999999,3503626.56,24033,Census Tract 8074.05,3.1341146137712657,False
24001001800,20164485.599999998,620762.9400000001,24001,Census Tract 18,3.0784962845766826,False
24025301705,44409826.44,1362208.6800000002,24025,Census Tract 3017.05,3.067358711343796,False
24031704404,45846351.18,1403444.7000000002,24031,Census Tract 7044.04,3.0611917063799803,False
24005407002,189753856.74,5776729.56,24005,Census Tract 4070.02,3.0443278778334673,False
24033803516,40563685.26,1231295.94,24033,Census Tract 8035.16,3.0354636964264823,False
24003731210,40442460.66,1227359.7000000002,24003,Census Tract 7312.10,3.03482943413958,False
24031701214,46242250.74,1399508.46,24031,Census Tract 7012.14,3.026471327853018,False
24031700208,20883417.66,618665.04,24031,Census Tract 7002.08,2.9624702722150125,False
24011955301,159720205.68,4723356.96,24011,Census Tract 9553.01,2.9572695200901897,False
24005403500,20989287.9,608694.66,24005,Census Tract 4035,2.900025302907013,False
24025304201,21385525.14,614728.8,24025,Census Tract 3042.01,2.87450879029478,False
24003731208,21954035.88,624699.18,24003,Census Tract 7312.08,2.8454867406365927,False
24003740304,95426917.74,2708876.52,24003,Census Tract 7403.04,2.838692251782249,False
24009860402,21723321.060000002,608694.66,24009,Census Tract 8604.02,2.802033162050959,False
24003730102,99567097.55999999,2780914.5,24003,Census Tract 7301.02,2.793005488910829,False
24033800511,25200245.7,696737.16,24033,Census Tract 8005.11,2.764803043170329,False
24005411308,44953316.1,1231295.94,24005,Census Tract 4113.08,2.7390547501789304,False
24011955100,69716088.53999999,1908092.34,24011,Census Tract 9551,2.736946922811399,False
24013513001,22318698.779999997,608694.66,24013,Census Tract 5130.01,2.727285609255398,False
24027606905,68087127.78,1826083.98,24027,Census Tract 6069.05,2.6819812195637898,False
24001000200,23017664.88,602660.52,24001,Census Tract 2,2.618252212558931,False
24021750702,33387047.82,872822.16,24021,Census Tract 7507.02,2.614253781004109,False
24017851501,76791049.02,2006105.2200000002,24017,Census Tract 8515.01,2.6124206474605085,False
24005408505,53222694.839999996,1387440.1800000002,24005,Census Tract 4085.05,2.606858191173847,False
24003706304,3429083.7,88042.5,24003,Census Tract 7063.04,2.5675226300250413,False
24005430101,30108917.16,772711.38,24005,Census Tract 4301.01,2.5663871466840886,False
24037876003,55767809.16,1411576.7400000002,24037,Census Tract 8760.03,2.5311676418023383,False
24033800504,55614181.14,1403444.7000000002,24033,Census Tract 8005.04,2.5235374705366027,False
24033800609,54675874.26,1375371.9,24033,Census Tract 8006.09,2.515500517576909,False
24027605602,56367008.46,1409478.84,24027,Census Tract 6056.02,2.500538663498907,False
24005490602,25839458.82,618665.04,24005,Census Tract 4906.02,2.394264695362532,False
24025303603,50891014.44,1211355.1800000002,24025,Census Tract 3036.03,2.380292853914665,False
24043010401,25743683.7,608694.66,24043,Census Tract 104.01,2.364442739016406,False
24047950800,223333772.76,5250043.259999999,24047,Census Tract 9508,2.3507610134907027,False
24033800105,56112838.739999995,1317500.1,24033,Census Tract 8001.05,2.347947688237026,False
24003702205,52216030.44,1217389.32,24003,Census Tract 7022.05,2.3314474687976685,False
24003702702,26612005.14,618665.04,24003,Census Tract 7027.02,2.324759208279636,False
24027606706,56307632.22,1217389.32,24027,Census Tract 6067.06,2.1620325202869983,False
24033806800,4091472.0,88042.5,24033,Census Tract 8068,2.1518539049026852,False
24033803001,33015894.66,700673.4,24033,Census Tract 8030.01,2.1222305414273452,False
24510260402,41494262.04,876758.4,24510,Census Tract 2604.02,2.112962990292043,True
24027606603,37606049.46,784779.66,24027,Census Tract 6066.03,2.086844194668035,False
24017851003,59595890.76,1233393.84,24017,Census Tract 8510.03,2.0695954440332627,False
24001001900,29786488.2,608694.66,24001,Census Tract 19,2.043526097849964,False
24043011501,29881595.52,608694.66,24043,Census Tract 115.01,2.037021950827879,False
24033800705,4329772.0200000005,88042.5,24033,Census Tract 8007.05,2.0334211499662285,False
24003730800,60166820.7,1223423.46,24003,Census Tract 7308,2.03338558655136,False
24033800411,94657207.67999999,1920160.62,24033,Census Tract 8004.11,2.028541372666868,False
24041960800,30031947.54,608694.66,24041,Census Tract 9608,2.0268237988537723,False
24005440500,65454396.839999996,1325372.58,24005,Census Tract 4405,2.0248793724886154,False
24025305200,30153232.619999997,602660.52,24025,Census Tract 3052,1.998659737729971,False
24510270302,30271689.0,602660.52,24510,Census Tract 2703.02,1.990838766875545,True
24005407001,61337772.72,1217389.32,24005,Census Tract 4070.01,1.9847302339412367,False
24027605601,505514.51999999996,9970.38,24027,Census Tract 6056.01,1.972323168877523,False
24017850902,61730213.58,1217389.32,24017,Census Tract 8509.02,1.9721125999706934,False
24031703223,35451696.42,696737.16,24031,Census Tract 7032.23,1.9653140198022714,False
24031706008,35776584.9,702771.3,24031,Census Tract 7060.08,1.9643331021234507,False
24003750803,71019293.94,1393474.32,24003,Census Tract 7508.03,1.9621066933969578,False
24025301107,36262434.6,696737.16,24025,Census Tract 3011.07,1.9213744683320297,False
24019970300,131630016.42,2508654.96,24019,Census Tract 9703,1.9058380665968164,False
24017851403,32141409.3,602660.52,24017,Census Tract 8514.03,1.87502829877469,False
24510271501,37987029.36,702771.3,24510,Census Tract 2715.01,1.8500296333779969,True
24013514201,33006513.96,608694.66,24013,Census Tract 5142.01,1.8441652479194444,False
24005402304,70916351.94,1305431.82,24005,Census Tract 4023.04,1.8408050954235253,False
24027602800,39844826.28,732682.4400000001,24027,Census Tract 6028,1.8388395894896092,False
24510270804,9589654.620000001,176085.0,24510,Census Tract 2708.04,1.836197516777721,True
24005401200,33467357.7,612630.9,24005,Census Tract 4012,1.8305326207452584,False
24027601103,35009449.019999996,638605.8,24027,Census Tract 6011.03,1.8240955452774508,False
24031700500,67124203.02,1211355.18,24031,Census Tract 7005,1.8046473931900102,False
24031703219,4947048.54,88042.5,24031,Census Tract 7032.19,1.7796975163700335,False
24510130803,14201614.979999999,252059.22,24510,Census Tract 1308.03,1.7748630726503474,True
24033801707,34905133.62,618665.04,24033,Census Tract 8017.07,1.7724184835823587,False
24013501002,76041821.52,1335342.96,24013,Census Tract 5010.02,1.7560638781499827,False
24025301102,35363040.3,612630.9,24025,Census Tract 3011.02,1.732404495775212,False
24009860501,105425505.36,1820049.84,24009,Census Tract 8605.01,1.7263847432222543,False
24003730601,71017030.98,1223423.46,24003,Census Tract 7306.01,1.7227184002447857,False
24031700830,40652149.86,696737.16,24031,Census Tract 7008.30,1.713899910335517,False
24033807305,107000722.08,1814015.7000000002,24033,Census Tract 8073.05,1.6953303349146898,False
24031705300,36545386.5,608694.66,24031,Census Tract 7053,1.6655855042058456,False
24033801500,80601088.67999999,1321436.34,24033,Census Tract 8015,1.6394770364037226,False
24033800203,52895800.44,860753.88,24033,Census Tract 8002.03,1.6272631718209047,False
24005490303,43536170.16,696737.16,24005,Census Tract 4903.03,1.6003639214001089,False
24045010800,38339660.519999996,608694.66,24045,Census Tract 108,1.587637062363848,False
24035810500,154336683.06,2434778.64,24035,Census Tract 8105,1.5775761094032676,False
24027606701,38825490.06,608694.66,24027,Census Tract 6067.01,1.5677707069745612,False
24041960300,56358528.66,880694.64,24041,Census Tract 9603,1.5626643578881536,False
24031700715,39039819.839999996,608694.66,24031,Census Tract 7007.15,1.5591635988451324,False
24021752001,45920563.919999994,706707.54,24021,Census Tract 7520.01,1.5389783566926198,False
24005402408,5408859.96,82008.36,24005,Census Tract 4024.08,1.516185676953633,False
24005451000,40521337.92,608694.66,24005,Census Tract 4510,1.5021583472927933,False
24510280301,89837734.14,1303333.92,24510,Census Tract 2803.01,1.4507644615890798,True
24033801409,97539327.9,1381406.04,24033,Census Tract 8014.09,1.416255442539296,False
24043011202,43053645.6,608694.66,24043,Census Tract 112.02,1.4138051528904674,False
24027604004,44602673.22,614728.8,24027,Census Tract 6040.04,1.3782330869898476,False
24033800507,101948896.98,1399508.46,24033,Census Tract 8005.07,1.3727548815702744,False
24005440800,107345071.25999999,1473384.78,24005,Census Tract 4408,1.3725686356212123,False
24005452100,51380097.3,696737.16,24005,Census Tract 4521,1.356044843457313,False
24009860600,46196212.86,624699.18,24009,Census Tract 8606,1.3522735768258387,False
24019970200,53444511.54,716677.92,24019,Census Tract 9702,1.3409757135933589,False
24031700318,7364184.66,98012.88,24031,Census Tract 7003.18,1.3309400093180173,False
24027605103,45954367.199999996,608694.66,24027,Census Tract 6051.03,1.3245632506500928,False
24005451702,47102325.48,608694.66,24005,Census Tract 4517.02,1.2922815461806791,False
24031700317,96104010.24,1237330.08,24031,Census Tract 7003.17,1.2874905812046997,False
24013514100,49276795.68,614728.8,24013,Census Tract 5141,1.2475015704998456,False
24510260604,13378701.42,164016.72,24510,Census Tract 2606.04,1.2259539610833172,True
24003708004,159026273.28,1938263.04,24003,Census Tract 7080.04,1.2188319577779896,False
24027606803,58297480.92,700673.4,24027,Census Tract 6068.03,1.201893098882805,False
24033804200,58171915.62,690703.02,24033,Census Tract 8042,1.1873479025719593,False
24031703210,7587927.9,88042.5,24031,Census Tract 7032.10,1.1602970028220747,False
24003701400,108938200.14,1223423.46,24003,Census Tract 7014,1.1230435773931817,False
24003750801,63134981.279999994,696737.16,24003,Census Tract 7508.01,1.103567540330789,False
24005490603,8077915.44,88042.5,24005,Census Tract 4906.03,1.0899160885496963,False
24005492002,59296635.72,628635.42,24005,Census Tract 4920.02,1.0601536029268679,False
24027605104,8373385.44,88042.5,24027,Census Tract 6051.04,1.051456434567283,False
24031700834,18090017.819999997,182119.14,24031,Census Tract 7008.34,1.0067383117702204,False
24510260403,61021060.379999995,602660.52,24510,Census Tract 2604.03,0.98762708521782,True
24510250102,8420514.48,82008.36,24510,Census Tract 2501.02,0.9739115133022133,True
24025303300,62685538.019999996,608694.66,24025,Census Tract 3033,0.9710288516719666,False
24005440200,64012238.63999999,618665.04,24005,Census Tract 4402,0.9664793063703421,False
24025305100,126947188.61999999,1217389.32,24025,Census Tract 3051,0.9589730448021954,False
24013508200,131177256.84,1227359.7,24013,Census Tract 5082,0.9356497685395568,False
24013504201,74627514.36,696737.16,24013,Census Tract 5042.01,0.9336196789818956,False
24043010700,66540272.4,608694.66,24043,Census Tract 107,0.9147763272456937,False
24013507802,68760893.88,628635.42,24013,Census Tract 5078.02,0.9142339264772805,False
24021752205,20840804.46,182119.14,24021,Census Tract 7522.05,0.8738584940401096,False
24033802107,10117018.8,88042.5,24033,Census Tract 8021.07,0.8702415379518716,False
24005405000,71426431.44,618665.04,24005,Census Tract 4050,0.8661570059253124,False
24015030601,74717991.17999999,618665.04,24015,Census Tract 306.01,0.8280000977403151,False
24033801408,13130572.139999999,98012.88,24033,Census Tract 8014.08,0.7464479000227329,False
24039930102,93455495.28,696737.16,24039,Census Tract 9301.02,0.7455282944170599,False
24017850600,81860418.36,602660.52,24017,Census Tract 8506,0.7362050329985633,False
24043010200,86711376.78,628635.42,24043,Census Tract 102,0.7249745573697256,False
24025301105,12836402.459999999,88042.5,24025,Census Tract 3011.05,0.6858814241322877,False
24005400701,37932223.14,258093.36,24005,Census Tract 4007.01,0.6804066269657614,False
24013505102,116077647.42,784779.66,24013,Census Tract 5051.02,0.6760816379750161,False
24015031201,103259808.53999999,690703.02,24015,Census Tract 312.01,0.668898218741555,False
24045010604,91493840.34,602660.52,24045,Census Tract 106.04,0.65868971917722,False
24021751600,97951959.0,620762.9400000001,24021,Census Tract 7516,0.6337422409285353,False
24005401506,30689933.4,192089.52000000002,24005,Census Tract 4015.06,0.6259039975629273,False
24003731313,14200875.36,88042.5,24003,Census Tract 7313.13,0.6199793869608331,False
24031700608,14819497.56,88042.5,24031,Census Tract 7006.08,0.5940990890112201,False
24033801311,116282272.67999999,690703.02,24033,Census Tract 8013.11,0.5939882357655344,False
24021752302,105801622.92,608694.66,24021,Census Tract 7523.02,0.5753169405163601,False
24510070100,73553210.64,410041.8,24510,Census Tract 701,0.5574764125619411,True
24033800608,29678843.88,164016.72,24033,Census Tract 8006.08,0.552638507966032,False
24025303102,16174670.399999999,88042.5,24025,Census Tract 3031.02,0.5443233019449967,False
24013502000,132082122.06,690703.02,24013,Census Tract 5020,0.5229345268137343,False
24033801901,133642461.96,690703.02,24033,Census Tract 8019.01,0.5168290151723871,False
24025303206,1936972.8,9970.38,24025,Census Tract 3032.06,0.5147403205661948,False
24035810400,33152828.94,170050.86,24035,Census Tract 8104,0.5129301644446635,False
24001000600,20000433.6,98012.88,24001,Census Tract 6,0.4900537756341442,False
24033801207,18126643.5,88042.5,24033,Census Tract 8012.07,0.48570768217513627,False
24003731105,17133071.76,82008.36,24003,Census Tract 7311.05,0.478655323159634,False
24021751302,131315418.36,608694.66,24021,Census Tract 7513.02,0.4635363216307694,False
24003731205,19016267.759999998,88042.5,24003,Census Tract 7312.05,0.4629851720177925,False
24005403803,135228975.84,614728.8,24005,Census Tract 4038.03,0.4545836394763012,False
24033801208,24443236.439999998,104047.02,24033,Census Tract 8012.08,0.4256679358128404,False
24005411412,2434277.16,9970.38,24005,Census Tract 4114.12,0.40958277733666115,False
24025304101,22283378.46,88042.5,24025,Census Tract 3041.01,0.39510391190474803,False
24033801309,5402304.18,19940.76,24033,Census Tract 8013.09,0.36911583160798617,False
24005410100,48516475.14,170050.86000000002,24005,Census Tract 4101,0.35050126685687333,False
24025303502,26028225.72,88042.5,24025,Census Tract 3035.02,0.33825778578656035,False
24043011400,27778787.82,88042.5,24043,Census Tract 114,0.31694147552619883,False
24005492001,26115654.6,82008.36,24005,Census Tract 4920.01,0.3140199288743848,False
24005403201,26388670.14,82008.36,24005,Census Tract 4032.01,0.31077109822101856,False
24510280403,30287554.919999998,94076.64,24510,Census Tract 2804.03,0.3106115374730289,True
24003731004,3350457.18,9970.38,24003,Census Tract 7310.04,0.29758267198627497,False
24027602700,3638314.2600000002,9970.38,24027,Census Tract 6027,0.27403844988365567,False
24047950600,4278905.82,9970.38,24047,Census Tract 9506,0.23301237324265292,False
24015030904,42822669.96,98012.88,24015,Census Tract 309.04,0.22888082431934376,False
24025301205,36182923.559999995,82008.36,24025,Census Tract 3012.05,0.22664934707116854,False
24025305300,39328093.98,88042.5,24025,Census Tract 3053,0.223866684321832,False
24005440300,44490731.04,88042.5,24005,Census Tract 4403,0.19788953326220732,False
24021752501,43025657.22,82008.36,24021,Census Tract 7525.01,0.1906033871386846,False
24025303606,5409066.6,9970.38,24025,Census Tract 3036.06,0.1843271813292149,False
24031700838,47971449.54,88042.5,24031,Census Tract 7008.38,0.18353103949170346,False
24003702703,53218345.32,91978.74,24003,Census Tract 7027.03,0.17283276931466984,False
24035810800,52406047.26,88042.5,24035,Census Tract 8108,0.16800064993110111,False
24033804101,50628526.2,82008.36,24033,Census Tract 8041.01,0.16198053973769436,False
24033800519,54813681.72,88042.5,24033,Census Tract 8005.19,0.16062139458126515,False
24015030200,63829208.519999996,98012.88,24015,Census Tract 302,0.15355490420861012,False
24025301201,73801203.83999999,107983.26,24025,Census Tract 3012.01,0.14631639374624056,False
24003708001,66461609.34,88042.5,24003,Census Tract 7080.01,0.13247121289163774,False
24033800707,129928153.32,170050.86,24033,Census Tract 8007.07,0.13088068725273252,False
24021752802,70277560.92,88042.5,24021,Census Tract 7528.02,0.1252782521866725,False
24021752102,70547702.39999999,88042.5,24021,Census Tract 7521.02,0.12479853631632944,False
24029950100,75946629.78,94076.64,24029,Census Tract 9501,0.12387204050070225,False
24041960100,77129042.76,94076.64,24041,Census Tract 9601,0.12197304236321886,False
24005402505,10124276.4,9970.38,24005,Census Tract 4025.05,0.0984799269209995,False
24033803512,113549175.17999999,98012.88,24033,Census Tract 8035.12,0.08631756227610494,False
24027606807,13197027.059999999,9970.38,24027,Census Tract 6068.07,0.07555019743969518,False
24017850400,114964923.78,82008.36,24017,Census Tract 8504,0.07133337482738077,False
24033801701,14913525.06,9970.38,24033,Census Tract 8017.01,0.06685461659726476,False
24021752900,141626089.07999998,94076.64,24021,Census Tract 7529,0.06642606641976759,False
24033801305,21273441.84,9970.38,24033,Census Tract 8013.05,0.04686773336909172,False
24029950400,23024443.68,9970.38,24029,Census Tract 9504,0.04330345670267243,False
24005411201,23221510.2,9970.38,24005,Census Tract 4112.01,0.04293596718787049,False
24031701426,56043407.699999996,19940.76,24031,Census Tract 7014.26,0.03558091989470512,False
24003730902,56298354.839999996,19940.76,24003,Census Tract 7309.02,0.035419791673614025,False
24017850300,38366829.9,9970.38,24017,Census Tract 8503,0.025986978924208693,False
24041960900,84792081.78,19940.76,24041,Census Tract 9609,0.023517243097932107,False
24021770700,63750918.42,9970.38,24021,Census Tract 7707,0.0156395864516237,False
24023000200,66916978.379999995,9970.38,24023,Census Tract 2,0.014899626733564415,False
24025301706,75510140.58,9970.38,24025,Census Tract 3017.06,0.013204027860915948,False
24015030100,80101413.0,9970.38,24015,Census Tract 301,0.012447196156202637,False
24047951400,176600273.22,19940.76,24047,Census Tract 9514,0.0112914661095449,False
24005490400,98315645.4,9970.38,24005,Census Tract 4904,0.01014119366193979,False
24013504100,145114239.06,9970.38,24013,Census Tract 5041,0.0068707110098806855,False
24023000400,40829498.64,0.0,24023,Census Tract 4,0.0,False
24023000501,28597040.639999997,0.0,24023,Census Tract 5.01,0.0,False
24023000601,73956530.33999999,0.0,24023,Census Tract 6.01,0.0,False
24023000300,73346757.11999999,0.0,24023,Census Tract 3,0.0,False
24023000602,17603065.619999997,0.0,24023,Census Tract 6.02,0.0,False
24043010902,35204578.92,0.0,24043,Census Tract 109.02,0.0,False
24023000100,81562244.39999999,0.0,24023,Census Tract 1,0.0,False
24021752801,2922338.16,0.0,24021,Census Tract 7528.01,0.0,False
24021752603,45491819.94,0.0,24021,Census Tract 7526.03,0.0,False
24021752502,99567279.0,0.0,24021,Census Tract 7525.02,0.0,False
24021752602,21461212.080000002,0.0,24021,Census Tract 7526.02,0.0,False
24003730512,3294978.12,0.0,24003,Census Tract 7305.12,0.0,False
24021773500,27756236.34,0.0,24021,Census Tract 7735,0.0,False
24021767500,31056294.779999997,0.0,24021,Census Tract 7675,0.0,False
24021775302,25425896.58,0.0,24021,Census Tract 7753.02,0.0,False
24041960600,10154689.02,0.0,24041,Census Tract 9606,0.0,False
24043010100,13236628.86,0.0,24043,Census Tract 101,0.0,False
24043010802,36931411.44,0.0,24043,Census Tract 108.02,0.0,False
24043010803,49508054.82,0.0,24043,Census Tract 108.03,0.0,False
24023000700,42349580.279999994,0.0,24023,Census Tract 7,0.0,False
24003701301,91183639.67999999,0.0,24003,Census Tract 7013.01,0.0,False
24047951102,27925047.36,0.0,24047,Census Tract 9511.02,0.0,False
24001001600,3167201.52,0.0,24001,Census Tract 16,0.0,False
24045010701,57763787.76,0.0,24045,Census Tract 107.01,0.0,False
24003702204,33946649.1,0.0,24003,Census Tract 7022.04,0.0,False
24001001503,5366827.62,0.0,24001,Census Tract 15.03,0.0,False
24001001700,30990846.599999998,0.0,24001,Census Tract 17,0.0,False
24043011302,69482003.22,0.0,24043,Census Tract 113.02,0.0,False
24047980000,149962.68,0.0,24047,Census Tract 9800,0.0,False
24017850905,25153367.4,0.0,24017,Census Tract 8509.05,0.0,False
24005408502,38984073.66,0.0,24005,Census Tract 4085.02,0.0,False
24035810100,37574404.559999995,0.0,24035,Census Tract 8101,0.0,False
24035810200,81112361.39999999,0.0,24035,Census Tract 8102,0.0,False
24005430600,35149025.52,0.0,24005,Census Tract 4306,0.0,False
24013514202,21319746.839999996,0.0,24013,Census Tract 5142.02,0.0,False
24015030905,89115415.2,0.0,24015,Census Tract 309.05,0.0,False
24035810902,5401289.88,0.0,24035,Census Tract 8109.02,0.0,False
24037875502,91955534.58,0.0,24037,Census Tract 8755.02,0.0,False
24037875201,105070941.36,0.0,24037,Census Tract 8752.01,0.0,False
24005451900,3081716.82,0.0,24005,Census Tract 4519,0.0,False
24025302100,45723610.8,0.0,24025,Census Tract 3021,0.0,False
24039930200,4528112.4,0.0,24039,Census Tract 9302,0.0,False
24039930800,101025541.25999999,0.0,24039,Census Tract 9308,0.0,False
24003731106,6204139.2,0.0,24003,Census Tract 7311.06,0.0,False
24033806711,8302240.8,0.0,24033,Census Tract 8067.11,0.0,False
24025303700,67395856.49999999,0.0,24025,Census Tract 3037,0.0,False
24033805906,6357796.2,0.0,24033,Census Tract 8059.06,0.0,False
24005490200,32046051.24,0.0,24005,Census Tract 4902,0.0,False
24005404800,25139469.599999998,0.0,24005,Census Tract 4048,0.0,False
24025306500,19940.76,0.0,24025,Census Tract 3065,0.0,False
24027601104,18584774.46,0.0,24027,Census Tract 6011.04,0.0,False
24033802805,11652618.6,0.0,24033,Census Tract 8028.05,0.0,False
24033802501,10566222.659999998,0.0,24033,Census Tract 8025.01,0.0,False
24003740106,132528729.05999999,0.0,24003,Census Tract 7401.06,0.0,False
24025303802,5087822.04,0.0,24025,Census Tract 3038.02,0.0,False
24027604003,24379469.099999998,0.0,24027,Census Tract 6040.03,0.0,False
24003731107,9492222.6,0.0,24003,Census Tract 7311.07,0.0,False
24003731002,39775033.62,0.0,24003,Census Tract 7310.02,0.0,False
24003731104,5620430.34,0.0,24003,Census Tract 7311.04,0.0,False
24033804801,889609.1399999999,0.0,24033,Census Tract 8048.01,0.0,False
24005411409,5692528.8,0.0,24005,Census Tract 4114.09,0.0,False
24025303204,6238088.640000001,0.0,24025,Census Tract 3032.04,0.0,False
24025303205,7092739.079999999,0.0,24025,Census Tract 3032.05,0.0,False
24003706700,199407.59999999998,0.0,24003,Census Tract 7067,0.0,False
24033801410,1684306.26,0.0,24033,Census Tract 8014.10,0.0,False
24033801312,38887345.98,0.0,24033,Census Tract 8013.12,0.0,False
24033801313,74702436.47999999,0.0,24033,Census Tract 8013.13,0.0,False
24013510000,40669090.559999995,0.0,24013,Census Tract 5100,0.0,False
24013509002,18286357.32,0.0,24013,Census Tract 5090.02,0.0,False
24013507704,27457133.76,0.0,24013,Census Tract 5077.04,0.0,False
24033801215,9409528.8,0.0,24033,Census Tract 8012.15,0.0,False
24033801209,3987979.38,0.0,24033,Census Tract 8012.09,0.0,False
24033801106,5240177.46,0.0,24033,Census Tract 8011.06,0.0,False
24033801105,53418038.94,0.0,24033,Census Tract 8011.05,0.0,False
24033801006,11122090.559999999,0.0,24033,Census Tract 8010.06,0.0,False
24021752101,5477264.1,0.0,24021,Census Tract 7521.01,0.0,False
24033801005,12544601.58,0.0,24033,Census Tract 8010.05,0.0,False
24033800900,32999795.64,0.0,24033,Census Tract 8009,0.0,False
24033800800,36855515.339999996,0.0,24033,Census Tract 8008,0.0,False
24033800706,63484769.88,0.0,24033,Census Tract 8007.06,0.0,False
24033800522,8386832.16,0.0,24033,Census Tract 8005.22,0.0,False
24033800505,5560419.06,0.0,24033,Census Tract 8005.05,0.0,False
24033800206,82354566.42,0.0,24033,Census Tract 8002.06,0.0,False
24003740701,8259462.539999999,0.0,24003,Census Tract 7407.01,0.0,False
24003740603,25512582.06,0.0,24003,Census Tract 7406.03,0.0,False
24027606601,35424117.54,0.0,24027,Census Tract 6066.01,0.0,False
24027605505,5450432.4,0.0,24027,Census Tract 6055.05,0.0,False
24005403801,41458828.32,0.0,24005,Census Tract 4038.01,0.0,False
24027602201,14974870.68,0.0,24027,Census Tract 6022.01,0.0,False
24021751906,7908713.819999999,0.0,24021,Census Tract 7519.06,0.0,False
24003731207,11873335.32,0.0,24003,Census Tract 7312.07,0.0,False
24021751904,22240697.22,0.0,24021,Census Tract 7519.04,0.0,False
24021751903,46607340.78,0.0,24021,Census Tract 7519.03,0.0,False
24003707001,93311998.92,0.0,24003,Census Tract 7070.01,0.0,False
24025303201,55208603.519999996,0.0,24025,Census Tract 3032.01,0.0,False
24031700101,44311251.599999994,0.0,24031,Census Tract 7001.01,0.0,False
24031705601,10570746.059999999,0.0,24031,Census Tract 7056.01,0.0,False
24031705903,21402386.46,0.0,24031,Census Tract 7059.03,0.0,False
24031706010,1756491.6600000001,0.0,24031,Census Tract 7060.10,0.0,False
24005411307,42160902.839999996,0.0,24005,Census Tract 4113.07,0.0,False
24005403802,42552163.08,0.0,24005,Census Tract 4038.02,0.0,False
24021750805,12300655.499999998,0.0,24021,Census Tract 7508.05,0.0,False
24029950500,6200123.579999999,0.0,24029,Census Tract 9505,0.0,False
24021751802,115086290.75999999,0.0,24021,Census Tract 7518.02,0.0,False
24021751801,26099537.94,0.0,24021,Census Tract 7518.01,0.0,False
24021751301,67052493.9,0.0,24021,Census Tract 7513.01,0.0,False
24031700206,2675984.22,0.0,24031,Census Tract 7002.06,0.0,False
24003741000,75876835.86,0.0,24003,Census Tract 7410,0.0,False
24031700209,30180160.08,0.0,24031,Census Tract 7002.09,0.0,False
24005408702,56508143.58,0.0,24005,Census Tract 4087.02,0.0,False
24031704403,13979856.24,0.0,24031,Census Tract 7044.03,0.0,False
24005980100,59822.28,0.0,24005,Census Tract 9801,0.0,False
24005492600,25628537.34,0.0,24005,Census Tract 4926,0.0,False
24031700610,13285164.06,0.0,24031,Census Tract 7006.10,0.0,False
24031700720,8148868.56,0.0,24031,Census Tract 7007.20,0.0,False
24031701427,9756750.780000001,0.0,24031,Census Tract 7014.27,0.0,False
24031701418,2837677.5,0.0,24031,Census Tract 7014.18,0.0,False
24011955600,166370019.48,0.0,24011,Census Tract 9556,0.0,False
24011955500,36800322.3,0.0,24011,Census Tract 9555,0.0,False
24011955400,60351590.88,0.0,24011,Census Tract 9554,0.0,False
24005410200,39235301.279999994,0.0,24005,Census Tract 4102,0.0,False
24019970900,8487818.64,0.0,24019,Census Tract 9709,0.0,False
24019970100,68994703.26,0.0,24019,Census Tract 9701,0.0,False
24009860703,65986697.699999996,0.0,24009,Census Tract 8607.03,0.0,False
24009860502,13065911.46,0.0,24009,Census Tract 8605.02,0.0,False
24005980200,12615009.12,0.0,24005,Census Tract 9802,0.0,False
24021751902,25520570.459999997,0.0,24021,Census Tract 7519.02,0.0,False
24011955202,31748603.04,0.0,24011,Census Tract 9552.02,0.0,False
24017851401,5366680.2,0.0,24017,Census Tract 8514.01,0.0,False
24017851402,125145063.53999999,0.0,24017,Census Tract 8514.02,0.0,False
24017851502,35172423.72,0.0,24017,Census Tract 8515.02,0.0,False
24005401400,22293477.360000003,0.0,24005,Census Tract 4014,0.0,False
24009860902,11077146.36,0.0,24009,Census Tract 8609.02,0.0,False
24017850500,78925898.52,0.0,24017,Census Tract 8505,0.0,False
24011955201,51700351.5,0.0,24011,Census Tract 9552.01,0.0,False
24017850201,5195848.14,0.0,24017,Census Tract 8502.01,0.0,False
24015031301,46159304.94,0.0,24015,Census Tract 313.01,0.0,False
24017851200,100159025.39999999,0.0,24017,Census Tract 8512,0.0,False
24017851301,59687243.28,0.0,24017,Census Tract 8513.01,0.0,False
24017851100,84061431.72,0.0,24017,Census Tract 8511,0.0,False
24510230300,48471406.199999996,0.0,24510,Census Tract 2303,0.0,True
24003751700,96863453.82,0.0,24003,Census Tract 7517,0.0,False
24011955000,56694324.96,0.0,24011,Census Tract 9550,0.0,False
24031701317,65717445.779999994,0.0,24031,Census Tract 7013.17,0.0,False
24031701306,11301747.659999998,0.0,24031,Census Tract 7013.06,0.0,False
24013505208,10019542.680000002,0.0,24013,Census Tract 5052.08,0.0,False
24031701220,369458.45999999996,0.0,24031,Census Tract 7012.20,0.0,False
24013505206,24357557.7,0.0,24013,Census Tract 5052.06,0.0,False
24013505205,11201896.440000001,0.0,24013,Census Tract 5052.05,0.0,False
24013505101,10659829.32,0.0,24013,Census Tract 5051.01,0.0,False
24031700828,5681421.899999999,0.0,24031,Census Tract 7008.28,0.0,False
24031700823,9619349.04,0.0,24031,Census Tract 7008.23,0.0,False
24003701101,37318565.339999996,0.0,24003,Census Tract 7011.01,0.0,False
24001002200,68176801.98,0.0,24001,Census Tract 22,0.0,False
24001001200,39417610.68,0.0,24001,Census Tract 12,0.0,False
24001001300,11067590.52,0.0,24001,Census Tract 13,0.0,False
24510280302,12258928.08,0.0,24510,Census Tract 2803.02,0.0,True
24005408303,8496410.58,0.0,24005,Census Tract 4083.03,0.0,False
24005408200,30662534.7,0.0,24005,Census Tract 4082,0.0,False
